,product brand,product name,price,store name
9891,Unknown,"Zucchini Pepper Kebab, 4 pack",10.0,"Brewery Dist, Edmonton"
10728,Unknown,"Zucchini Pepper Kebab, 2 pack",6.0,"Brewery Dist, Edmonton"
3719,Unknown,Zucchini,1.66,"Mclaughlin, Toronto"
9434,Unknown,Zucchini,1.85,"Brewery Dist, Edmonton"
18,Unknown,Zucchini,1.85,"Lonsdale, Vancouver"
13784,Unknown,Zucchini,1.66,"Mcarthur, Ottawa"
14770,Unknown,Yellow Yams,6.05,"Mcarthur, Ottawa"
4702,Unknown,Yellow Yams,6.05,"Mclaughlin, Toronto"
7402,Unknown,"Yellow Russet Potatoes, 10 Lbs",6.99,"Mclaughlin, Toronto"
4684,Unknown,Yellow Potatoes,1.98,"Mclaughlin, Toronto"
14752,Unknown,Yellow Potatoes,1.98,"Mcarthur, Ottawa"
981,Unknown,Yellow Potatoes,1.78,"Lonsdale, Vancouver"
3122,Unknown,Yellow Peaches,3.08,"Lonsdale, Vancouver"
12584,Unknown,Yellow Peaches,3.08,"Brewery Dist, Edmonton"
9676,Unknown,Yellow Onions Diced,4.0,"Brewery Dist, Edmonton"
16381,Unknown,Yellow Onion,1.54,"Mcarthur, Ottawa"
6297,Unknown,Yellow Onion,1.54,"Mclaughlin, Toronto"
11531,Unknown,Yellow Nectarines,2.16,"Brewery Dist, Edmonton"
14765,Unknown,Yellow Dragon Fruit,5.99,"Mcarthur, Ottawa"
10410,Unknown,Yellow Dragon Fruit,6.99,"Brewery Dist, Edmonton"
4704,Unknown,Yellow Dragon Fruit,5.99,"Mclaughlin, Toronto"
6304,Unknown,Yellow Beans,5.99,"Mclaughlin, Toronto"
14483,Unknown,Yellow Asian Pears,2.46,"Mcarthur, Ottawa"
965,Unknown,Yellow Asian Pears,2.46,"Lonsdale, Vancouver"
10130,Unknown,Yellow Asian Pears,2.46,"Brewery Dist, Edmonton"
8723,Unknown,"Wonderful Pistachios, Shelled",8.99,"Mclaughlin, Toronto"
13906,Unknown,White Yams,6.05,"Mcarthur, Ottawa"
5834,Unknown,White Yams,6.05,"Mclaughlin, Toronto"
15452,Unknown,White Potatoes,2.37,"Mcarthur, Ottawa"
5397,Unknown,White Potatoes,2.37,"Mclaughlin, Toronto"
11097,Unknown,White Potatoes,2.37,"Brewery Dist, Edmonton"
10720,Unknown,White Peaches,2.31,"Brewery Dist, Edmonton"
15081,Unknown,White Peaches,2.31,"Mcarthur, Ottawa"
5014,Unknown,White Peaches,2.31,"Mclaughlin, Toronto"
1300,Unknown,White Peaches,2.31,"Lonsdale, Vancouver"
2611,Unknown,White Onion,2.44,"Lonsdale, Vancouver"
7404,Unknown,White Onion,2.19,"Mclaughlin, Toronto"
17480,Unknown,White Onion,2.19,"Mcarthur, Ottawa"
12542,Unknown,White Onion,2.44,"Brewery Dist, Edmonton"
11573,Unknown,White Mushrooms,0.36,"Brewery Dist, Edmonton"
2139,Unknown,White Mushrooms,0.36,"Lonsdale, Vancouver"
975,Unknown,White Flesh Nectarine,1.06,"Lonsdale, Vancouver"
14744,Unknown,White Flesh Nectarine,1.85,"Mcarthur, Ottawa"
10388,Unknown,White Flesh Nectarine,1.06,"Brewery Dist, Edmonton"
4685,Unknown,White Flesh Nectarine,1.85,"Mclaughlin, Toronto"
13903,Unknown,Watermelon Quarters,6.28,"Mcarthur, Ottawa"
7415,Unknown,Watermelon Cubed Small 300G,6.0,"Mclaughlin, Toronto"
1314,Unknown,Watermelon Cubed Small 300G,6.0,"Lonsdale, Vancouver"
15915,Unknown,Watermelon Cubed Large,10.0,"Mcarthur, Ottawa"
11547,Unknown,Watermelon Cubed Large,9.0,"Brewery Dist, Edmonton"
140,Unknown,Watermelon Cubed Large,9.0,"Lonsdale, Vancouver"
12045,Unknown,Watercress,3.99,"Brewery Dist, Edmonton"
6855,Unknown,Watercress,2.49,"Mclaughlin, Toronto"
974,Unknown,Villagio Marzano Tomatoes,7.99,"Lonsdale, Vancouver"
10387,Unknown,Villagio Marzano Tomatoes,7.99,"Brewery Dist, Edmonton"
5418,Unknown,Vero Tomato,6.99,"Mclaughlin, Toronto"
15477,Unknown,Vero Tomato,6.99,"Mcarthur, Ottawa"
1710,Unknown,Veggie Tripack,14.0,"Lonsdale, Vancouver"
15892,Unknown,Veggie Tripack,14.0,"Mcarthur, Ottawa"
11542,Unknown,Veggie Tripack,14.0,"Brewery Dist, Edmonton"
131,Unknown,"Veggie Platter, Small",15.0,"Lonsdale, Vancouver"
3966,Unknown,"Veggie Platter, Small",14.0,"Mclaughlin, Toronto"
1315,Unknown,Vegetable Platter Large,21.0,"Lonsdale, Vancouver"
17492,Unknown,Vegetable Platter Large,21.0,"Mcarthur, Ottawa"
15461,Unknown,Turnips,2.92,"Mcarthur, Ottawa"
5426,Unknown,Turnips,2.92,"Mclaughlin, Toronto"
11104,Unknown,Turnips,2.5,"Brewery Dist, Edmonton"
3826,Unknown,Turmeric,4.32,"Mclaughlin, Toronto"
13877,Unknown,Turmeric,4.32,"Mcarthur, Ottawa"
14037,Unknown,Turkish Pearl Couscous Salad,5.61,"Mcarthur, Ottawa"
3960,Unknown,Turkish Pearl Couscous Salad,5.61,"Mclaughlin, Toronto"
14732,Unknown,Tomatoes,6.99,"Mcarthur, Ottawa"
7410,Unknown,Tomato Sugar Bomb,6.99,"Mclaughlin, Toronto"
17488,Unknown,Tomato Sugar Bomb,6.99,"Mcarthur, Ottawa"
3707,Unknown,Tomato On The Vine Red (1 Bunch),2.33,"Mclaughlin, Toronto"
13773,Unknown,Tomato On The Vine Red (1 Bunch),2.33,"Mcarthur, Ottawa"
9423,Unknown,Tomato On The Vine Red (1 Bunch),4.68,"Brewery Dist, Edmonton"
7,Unknown,Tomato On The Vine Red (1 Bunch),4.68,"Lonsdale, Vancouver"
9516,Unknown,Tomato Grape Cherub,6.99,"Brewery Dist, Edmonton"
10749,Unknown,Tomato Bocconcini Salad,9.0,"Brewery Dist, Edmonton"
9,Unknown,Tomato Beefsteak Red,1.47,"Lonsdale, Vancouver"
13774,Unknown,Tomato Beefsteak Red,1.47,"Mcarthur, Ottawa"
3709,Unknown,Tomato Beefsteak Red,1.47,"Mclaughlin, Toronto"
9425,Unknown,Tomato Beefsteak Red,1.47,"Brewery Dist, Edmonton"
4180,Unknown,The Chop,12.0,"Mclaughlin, Toronto"
3981,Unknown,The Built,12.0,"Mclaughlin, Toronto"
14742,Unknown,"Taro Root, Medium",16.46,"Mcarthur, Ottawa"
4694,Unknown,"Taro Root, Medium",16.46,"Mclaughlin, Toronto"
14019,Unknown,Tamarinds,5.99,"Mcarthur, Ottawa"
3807,Unknown,Tamarinds,5.99,"Mclaughlin, Toronto"
9534,Unknown,Tamarinds,5.99,"Brewery Dist, Edmonton"
13159,Unknown,Taiwanese Flat Cabbage,3.97,"Brewery Dist, Edmonton"
8730,Unknown,Taiwanese Flat Cabbage,4.96,"Mclaughlin, Toronto"
14763,Unknown,Sweet Potato Crinkle Fries,7.0,"Mcarthur, Ottawa"
13808,Unknown,Sweet Potato,2.49,"Mcarthur, Ottawa"
9458,Unknown,Sweet Potato,3.46,"Brewery Dist, Edmonton"
3744,Unknown,Sweet Potato,2.49,"Mclaughlin, Toronto"
43,Unknown,Sweet Potato,3.46,"Lonsdale, Vancouver"
12020,Unknown,Sweet Onion,3.03,"Brewery Dist, Edmonton"
6316,Unknown,Sweet Onion,2.73,"Mclaughlin, Toronto"
2158,Unknown,Sweet Onion,3.03,"Lonsdale, Vancouver"
16401,Unknown,Sweet Onion,2.73,"Mcarthur, Ottawa"
5836,Unknown,Sweet Nantes Carrots,3.99,"Mclaughlin, Toronto"
13894,Unknown,Sweet Nantes Carrots,3.99,"Mcarthur, Ottawa"
3820,Unknown,Sweet Kale Salad Family Size,17.0,"Mclaughlin, Toronto"
244,Unknown,Sweet Kale Salad Family Size,17.0,"Lonsdale, Vancouver"
14036,Unknown,Sweet Kale Salad Family Size,17.0,"Mcarthur, Ottawa"
10733,Unknown,Sweet Kale,9.0,"Brewery Dist, Edmonton"
1310,Unknown,Sweet Kale,9.0,"Lonsdale, Vancouver"
29,Unknown,Sweet Green Peppers,3.08,"Lonsdale, Vancouver"
3729,Unknown,Sweet Green Peppers,2.46,"Mclaughlin, Toronto"
9444,Unknown,Sweet Green Peppers,3.08,"Brewery Dist, Edmonton"
13793,Unknown,Sweet Green Peppers,2.46,"Mcarthur, Ottawa"
15893,Unknown,Sweet Cauliflower Tender Stems,5.99,"Mcarthur, Ottawa"
15891,Unknown,Sweet Broccoli Tender Stems,5.99,"Mcarthur, Ottawa"
16927,Unknown,Sweet Baby Cauliflower,3.99,"Mcarthur, Ottawa"
6843,Unknown,Sweet Baby Cauliflower,3.99,"Mclaughlin, Toronto"
16361,Unknown,Suntech Tomato,1.76,"Mcarthur, Ottawa"
15094,Unknown,Strawberry Parfait,5.0,"Mcarthur, Ottawa"
1327,Unknown,Strawberry Parfait,5.0,"Lonsdale, Vancouver"
5029,Unknown,Strawberry Parfait,5.0,"Mclaughlin, Toronto"
10744,Unknown,Strawberry Parfait,5.0,"Brewery Dist, Edmonton"
10415,Unknown,Strawberries Small,6.0,"Brewery Dist, Edmonton"
9430,Unknown,Strawberries 2LB,9.99,"Brewery Dist, Edmonton"
14,Unknown,Strawberries 2LB,9.99,"Lonsdale, Vancouver"
13780,Unknown,Strawberries 2LB,8.99,"Mcarthur, Ottawa"
3715,Unknown,Strawberries 2LB,8.99,"Mclaughlin, Toronto"
9418,Unknown,Strawberries 1LB,6.49,"Brewery Dist, Edmonton"
1,Unknown,Strawberries 1LB,6.49,"Lonsdale, Vancouver"
14204,Unknown,"Stir Fry Vegetable Mix (Peppers,Mushrooms & Onion Mix)",6.0,"Mcarthur, Ottawa"
435,Unknown,"Stir Fry Vegetable Mix (Peppers,Mushrooms & Onion Mix)",6.0,"Lonsdale, Vancouver"
9854,Unknown,"Stir Fry Vegetable Mix (Peppers,Mushrooms & Onion Mix)",6.0,"Brewery Dist, Edmonton"
15069,Unknown,"Steak and Blue Cheese Salad, Large",13.0,"Mcarthur, Ottawa"
10395,Unknown,"Steak & Egg Salad, Family Size",19.0,"Brewery Dist, Edmonton"
9515,Unknown,Steak & Egg Salad,9.0,"Brewery Dist, Edmonton"
13908,Unknown,Steak & Blue Cheese Salad,9.0,"Mcarthur, Ottawa"
4668,Unknown,Star Fruit,2.99,"Mclaughlin, Toronto"
17496,Unknown,Star Fruit,2.99,"Mcarthur, Ottawa"
2614,Unknown,"Spinach, Bunched",2.99,"Lonsdale, Vancouver"
17482,Unknown,"Spinach, Bunched",3.49,"Mcarthur, Ottawa"
7406,Unknown,"Spinach, Bunched",3.49,"Mclaughlin, Toronto"
12546,Unknown,"Spinach, Bunched",2.99,"Brewery Dist, Edmonton"
8057,Unknown,Spanish Onion,1.81,"Mclaughlin, Toronto"
18133,Unknown,Spanish Onion,1.81,"Mcarthur, Ottawa"
5830,Unknown,Spaghetti Squash,8.3,"Mclaughlin, Toronto"
13893,Unknown,Spaghetti Squash,8.3,"Mcarthur, Ottawa"
9537,Unknown,Spaghetti Squash,8.3,"Brewery Dist, Edmonton"
143,Unknown,Spaghetti Squash,8.3,"Lonsdale, Vancouver"
2601,Unknown,Soy Sprouts,1.99,"Lonsdale, Vancouver"
14234,Unknown,Southwestern Iceberg Salad with Chicken,17.0,"Mcarthur, Ottawa"
3970,Unknown,"Southwestern Chicken Salad, Family Size",17.0,"Mclaughlin, Toronto"
136,Unknown,"Southwestern Chicken Salad, Family Size",17.0,"Lonsdale, Vancouver"
2154,Unknown,Sour Cabbage Head,11.74,"Lonsdale, Vancouver"
12010,Unknown,Sour Cabbage Head,11.74,"Brewery Dist, Edmonton"
15068,Unknown,"Sonata, Sweet Mini Peppers",3.99,"Mcarthur, Ottawa"
4687,Unknown,"Sonata, Sweet Mini Peppers",3.99,"Mclaughlin, Toronto"
2122,Unknown,Solo Papaya,7.99,"Lonsdale, Vancouver"
13134,Unknown,Solo Papaya,7.99,"Brewery Dist, Edmonton"
8699,Unknown,Snow Peas,4.99,"Mclaughlin, Toronto"
1725,Unknown,Snow Peas,5.99,"Lonsdale, Vancouver"
13151,Unknown,Snap Peas,5.99,"Brewery Dist, Edmonton"
8705,Unknown,Snap Peas,4.99,"Mclaughlin, Toronto"
18786,Unknown,Snap Peas,4.99,"Mcarthur, Ottawa"
3140,Unknown,Snap Peas,5.99,"Lonsdale, Vancouver"
14041,Unknown,Snack Platter Vegetables,6.0,"Mcarthur, Ottawa"
9693,Unknown,Snack Platter Vegetables,6.0,"Brewery Dist, Edmonton"
1684,Unknown,Snack Platter,8.0,"Lonsdale, Vancouver"
11141,Unknown,Snack Platter,8.0,"Brewery Dist, Edmonton"
15491,Unknown,Snack Platter,8.0,"Mcarthur, Ottawa"
476,Unknown,"Snack Cup, Veggies & Dip",6.0,"Lonsdale, Vancouver"
10095,Unknown,"Snack Cup, Veggies & Dip",6.0,"Brewery Dist, Edmonton"
14022,Unknown,Small Cubed Cantaloupe,6.0,"Mcarthur, Ottawa"
3809,Unknown,Small Cubed Cantaloupe,6.0,"Mclaughlin, Toronto"
135,Unknown,"Shrimp & Bacon Caesar Salad, Mini",5.0,"Lonsdale, Vancouver"
3811,Unknown,Shishito Peppers,4.99,"Mclaughlin, Toronto"
12053,Unknown,Shanghai Bok Choy Jr.,6.6,"Brewery Dist, Edmonton"
6861,Unknown,Shanghai Bok Choy Jr.,3.95,"Mclaughlin, Toronto"
2604,Unknown,Shanghai Bok Choy Jr.,6.6,"Lonsdale, Vancouver"
7438,Unknown,Shanghai Bok Choy,4.22,"Mclaughlin, Toronto"
18105,Unknown,Shanghai Bok Choy,4.22,"Mcarthur, Ottawa"
12572,Unknown,Shanghai Bok Choy,4.63,"Brewery Dist, Edmonton"
5042,Unknown,Shallots,5.99,"Mclaughlin, Toronto"
15108,Unknown,Shallots,5.99,"Mcarthur, Ottawa"
13864,Unknown,Seedless Watermelon Sliced,3.79,"Mcarthur, Ottawa"
3838,Unknown,Seedless Watermelon Halves,7.0,"Mclaughlin, Toronto"
13884,Unknown,Seedless Watermelon Halves,7.0,"Mcarthur, Ottawa"
1693,Unknown,Seedless Mandarins,0.82,"Lonsdale, Vancouver"
15456,Unknown,Seeded Watermelon Halves,7.99,"Mcarthur, Ottawa"
15494,Unknown,Seafood Vinaigrette Salad,4.58,"Mcarthur, Ottawa"
5813,Unknown,Seafood Vinaigrette Salad,4.58,"Mclaughlin, Toronto"
2602,Unknown,Savoy Cabbage,5.35,"Lonsdale, Vancouver"
6858,Unknown,Savoy Cabbage,4.28,"Mclaughlin, Toronto"
12051,Unknown,Savoy Cabbage,5.35,"Brewery Dist, Edmonton"
4412,Unknown,Rutabaga,4.52,"Mclaughlin, Toronto"
710,Unknown,Rutabaga,6.28,"Lonsdale, Vancouver"
14446,Unknown,Russet Potato,2.36,"Mcarthur, Ottawa"
467,Unknown,Russet Potato,2.36,"Lonsdale, Vancouver"
4383,Unknown,Russet Potato,2.36,"Mclaughlin, Toronto"
9892,Unknown,Russet Potato,2.36,"Brewery Dist, Edmonton"
13797,Unknown,Royal Gala Apples,1.15,"Mcarthur, Ottawa"
3733,Unknown,Royal Gala Apples,1.15,"Mclaughlin, Toronto"
32,Unknown,Royal Gala Apples,1.38,"Lonsdale, Vancouver"
9447,Unknown,Royal Gala Apples,1.38,"Brewery Dist, Edmonton"
10106,Unknown,"Root Harvest Mix (cubed Parsnip, Carrots, Butternut Squash, Yams, Red Onions, Celery)",7.0,"Brewery Dist, Edmonton"
15065,Unknown,"Root Harvest Mix (cubed Parsnip, Carrots, Butternut Squash, Yams, Red Onions, Celery)",7.0,"Mcarthur, Ottawa"
10097,Unknown,Romaine Salad Family Size,15.0,"Brewery Dist, Edmonton"
14466,Unknown,Romaine Salad Family Size,15.0,"Mcarthur, Ottawa"
4399,Unknown,Romaine Salad Family Size,15.0,"Mclaughlin, Toronto"
277,Unknown,Romaine Salad Family Size,15.0,"Lonsdale, Vancouver"
3147,Unknown,Romaine Lettuce,3.99,"Lonsdale, Vancouver"
18793,Unknown,Romaine Lettuce,3.49,"Mcarthur, Ottawa"
8715,Unknown,Romaine Lettuce,3.49,"Mclaughlin, Toronto"
13158,Unknown,Romaine Lettuce,3.99,"Brewery Dist, Edmonton"
6836,Unknown,Romaine Hearts,9.99,"Mclaughlin, Toronto"
12038,Unknown,Romaine Hearts,9.99,"Brewery Dist, Edmonton"
9424,Unknown,"Romaine Heart, 3 Pack",3.99,"Brewery Dist, Edmonton"
3708,Unknown,"Romaine Heart, 3 Pack",2.99,"Mclaughlin, Toronto"
8,Unknown,"Romaine Heart, 3 Pack",3.99,"Lonsdale, Vancouver"
13794,Unknown,Roma Tomatoes,0.66,"Mcarthur, Ottawa"
30,Unknown,Roma Tomatoes,0.79,"Lonsdale, Vancouver"
9445,Unknown,Roma Tomatoes,0.79,"Brewery Dist, Edmonton"
3730,Unknown,Roma Tomatoes,0.66,"Mclaughlin, Toronto"
14052,Unknown,Roasted Corn & Pepper Quinoa,9.62,"Mcarthur, Ottawa"
3985,Unknown,Roasted Corn & Pepper Quinoa,9.62,"Mclaughlin, Toronto"
13738,Unknown,Rhubarb,5.99,"Brewery Dist, Edmonton"
6305,Unknown,Rhubarb,6.99,"Mclaughlin, Toronto"
3142,Unknown,Rhubarb,5.99,"Lonsdale, Vancouver"
16392,Unknown,Rhubarb,6.99,"Mcarthur, Ottawa"
16932,Unknown,Red Swiss Chard,3.99,"Mcarthur, Ottawa"
6852,Unknown,Red Swiss Chard,3.99,"Mclaughlin, Toronto"
12042,Unknown,Red Swiss Chard,4.99,"Brewery Dist, Edmonton"
3,Unknown,Red Seedless Watermelon,8.99,"Lonsdale, Vancouver"
9419,Unknown,Red Seedless Watermelon,8.99,"Brewery Dist, Edmonton"
13769,Unknown,Red Seedless Watermelon,7.99,"Mcarthur, Ottawa"
3703,Unknown,Red Seedless Watermelon,7.99,"Mclaughlin, Toronto"
9518,Unknown,Red Seedless Grapes,13.08,"Brewery Dist, Edmonton"
4155,Unknown,Red Seeded Watermelon,12.99,"Mclaughlin, Toronto"
14218,Unknown,Red Seeded Watermelon,12.99,"Mcarthur, Ottawa"
15105,Unknown,Red Prince Apple,9.99,"Mcarthur, Ottawa"
5039,Unknown,Red Prince Apple,9.99,"Mclaughlin, Toronto"
9413,Unknown,Red Potatoes,1.43,"Mclaughlin, Toronto"
3700,Unknown,Red Potatoes,1.43,"Lonsdale, Vancouver"
19491,Unknown,Red Potatoes,1.43,"Mcarthur, Ottawa"
13762,Unknown,Red Potatoes,1.43,"Brewery Dist, Edmonton"
3716,Unknown,Red Peppers,2.11,"Mclaughlin, Toronto"
13781,Unknown,Red Peppers,2.11,"Mcarthur, Ottawa"
9431,Unknown,Red Peppers,2.64,"Brewery Dist, Edmonton"
15,Unknown,Red Peppers,2.64,"Lonsdale, Vancouver"
17,Unknown,Red Onion,2.44,"Lonsdale, Vancouver"
3718,Unknown,Red Onion,2.19,"Mclaughlin, Toronto"
13783,Unknown,Red Onion,2.19,"Mcarthur, Ottawa"
9433,Unknown,Red Onion,2.44,"Brewery Dist, Edmonton"
2621,Unknown,Red Leaf Lettuce,3.99,"Lonsdale, Vancouver"
12571,Unknown,Red Leaf Lettuce,3.99,"Brewery Dist, Edmonton"
13909,Unknown,Red Grapefruit,2.99,"Mcarthur, Ottawa"
9543,Unknown,Red Grapefruit,2.99,"Brewery Dist, Edmonton"
128,Unknown,Red Delicious Apples,1.38,"Lonsdale, Vancouver"
13888,Unknown,Red Delicious Apples,1.38,"Mcarthur, Ottawa"
9531,Unknown,Red Delicious Apples,1.38,"Brewery Dist, Edmonton"
5,Unknown,Red Cherries,13.71,"Lonsdale, Vancouver"
13771,Unknown,Red Cherries,7.83,"Mcarthur, Ottawa"
9421,Unknown,Red Cherries,13.71,"Brewery Dist, Edmonton"
3705,Unknown,Red Cherries,7.83,"Mclaughlin, Toronto"
19492,Unknown,Red Cabbage,4.96,"Mcarthur, Ottawa"
3152,Unknown,Red Cabbage,5.84,"Lonsdale, Vancouver"
13766,Unknown,Red Cabbage,5.84,"Brewery Dist, Edmonton"
9414,Unknown,Red Cabbage,4.96,"Mclaughlin, Toronto"
6853,Unknown,"Red Beets, Bunched",4.99,"Mclaughlin, Toronto"
12043,Unknown,"Red Beets, Bunched",4.99,"Brewery Dist, Edmonton"
16933,Unknown,"Red Beets, Bunched",4.99,"Mcarthur, Ottawa"
14482,Unknown,Red Beets,4.99,"Mcarthur, Ottawa"
4378,Unknown,Red Beets,1.04,"Mclaughlin, Toronto"
462,Unknown,Red Beets,1.04,"Lonsdale, Vancouver"
14439,Unknown,Red Beets,1.04,"Mcarthur, Ottawa"
9886,Unknown,Red Beets,1.04,"Brewery Dist, Edmonton"
15075,Unknown,"Red Bananas, Bunch",3.74,"Mcarthur, Ottawa"
4690,Unknown,"Red Bananas, Bunch",3.74,"Mclaughlin, Toronto"
14031,Unknown,Red Anjou Pears,1.54,"Mcarthur, Ottawa"
3804,Unknown,Red Anjou Pears,1.54,"Mclaughlin, Toronto"
14241,Unknown,Raspberry Pint,7.99,"Mcarthur, Ottawa"
9884,Unknown,Raspberry Pint,8.99,"Brewery Dist, Edmonton"
4178,Unknown,Raspberry Pint,7.99,"Mclaughlin, Toronto"
10418,Unknown,Raspberry Banana Parfait,5.0,"Brewery Dist, Edmonton"
1000,Unknown,Raspberry Banana Parfait,5.0,"Lonsdale, Vancouver"
14773,Unknown,Raspberry Banana Parfait,5.0,"Mcarthur, Ottawa"
9438,Unknown,Raspberries 1/2 pint,5.49,"Brewery Dist, Edmonton"
22,Unknown,Raspberries 1/2 pint,5.49,"Lonsdale, Vancouver"
17469,Unknown,Rapini,3.99,"Mcarthur, Ottawa"
2596,Unknown,Rapini,4.99,"Lonsdale, Vancouver"
6862,Unknown,Rapini,3.99,"Mclaughlin, Toronto"
8058,Unknown,Radishes,2.49,"Mclaughlin, Toronto"
2628,Unknown,Radishes,2.69,"Lonsdale, Vancouver"
18134,Unknown,Radishes,2.49,"Mcarthur, Ottawa"
13125,Unknown,Radishes,2.69,"Brewery Dist, Edmonton"
13124,Unknown,Radish,3.99,"Brewery Dist, Edmonton"
8062,Unknown,Radish,2.99,"Mclaughlin, Toronto"
2626,Unknown,Radish,3.99,"Lonsdale, Vancouver"
18762,Unknown,Radish,2.99,"Mcarthur, Ottawa"
8033,Unknown,Radicchio Treviso,11.0,"Mclaughlin, Toronto"
18110,Unknown,Radicchio Treviso,11.0,"Mcarthur, Ottawa"
2138,Unknown,Radicchio Lettuce,3.41,"Lonsdale, Vancouver"
16383,Unknown,Radicchio Lettuce,3.41,"Mcarthur, Ottawa"
11571,Unknown,Radicchio Lettuce,3.41,"Brewery Dist, Edmonton"
9415,Unknown,Purple Eggplants,3.13,"Mclaughlin, Toronto"
3148,Unknown,Purple Eggplants,3.76,"Lonsdale, Vancouver"
19493,Unknown,Purple Eggplants,3.13,"Mcarthur, Ottawa"
13765,Unknown,Purple Eggplants,3.76,"Brewery Dist, Edmonton"
14447,Unknown,Pumpernickel Snack,6.0,"Mcarthur, Ottawa"
5382,Unknown,Premium Taco Salad,9.0,"Mclaughlin, Toronto"
9872,Unknown,Premium Sweet Kale Power Salad,9.0,"Brewery Dist, Edmonton"
14229,Unknown,Premium Sweet Kale Power Salad,9.0,"Mcarthur, Ottawa"
10124,Unknown,Premium Radicchio,9.0,"Brewery Dist, Edmonton"
14222,Unknown,Premium Large Vetable Platter (Minimum 24 Hours Notice Required),40.0,"Mcarthur, Ottawa"
9865,Unknown,Premium Large Vetable Platter (Minimum 24 Hours Notice Required),40.0,"Brewery Dist, Edmonton"
464,Unknown,Premium Greek Classic,9.0,"Lonsdale, Vancouver"
4382,Unknown,Premium Greek Classic,9.0,"Mclaughlin, Toronto"
14443,Unknown,Premium Greek Classic,9.0,"Mcarthur, Ottawa"
9889,Unknown,Premium Greek Classic,9.0,"Brewery Dist, Edmonton"
11540,Unknown,Premium Garden Vegetable With Cheese,9.0,"Brewery Dist, Edmonton"
15890,Unknown,Premium Garden Vegetable With Cheese,9.0,"Mcarthur, Ottawa"
13147,Unknown,Premium Garden Vegetable Spring Mix With Chicken Salad,9.0,"Brewery Dist, Edmonton"
3986,Unknown,Premium Garden Veg Romaine,9.0,"Mclaughlin, Toronto"
14053,Unknown,Premium Garden Veg Romaine,9.0,"Mcarthur, Ottawa"
9703,Unknown,Premium Garden Veg Romaine,9.0,"Brewery Dist, Edmonton"
255,Unknown,Premium Chicken Caesar Salad,9.0,"Lonsdale, Vancouver"
9666,Unknown,Premium Chicken Caesar Salad,9.0,"Brewery Dist, Edmonton"
3972,Unknown,Premium Chicken Caesar Salad,9.0,"Mclaughlin, Toronto"
241,Unknown,Premium Chicken BLT,9.0,"Lonsdale, Vancouver"
3798,Unknown,Premium Chicken BLT,9.0,"Mclaughlin, Toronto"
14029,Unknown,Premium Chicken BLT,9.0,"Mcarthur, Ottawa"
9685,Unknown,Premium Chicken BLT,9.0,"Brewery Dist, Edmonton"
5389,Unknown,Premium Caesar Salad,9.0,"Mclaughlin, Toronto"
1694,Unknown,Premium Caesar Salad,9.0,"Lonsdale, Vancouver"
10135,Unknown,Premium Baby Spinach With Fruit & Nuts,9.0,"Brewery Dist, Edmonton"
706,Unknown,Premium Baby Spinach With Fruit & Nuts,9.0,"Lonsdale, Vancouver"
15078,Unknown,Premium Baby Spinach With Chicken,9.0,"Mcarthur, Ottawa"
10718,Unknown,Premium Baby Spinach With Chicken,9.0,"Brewery Dist, Edmonton"
1298,Unknown,Premium Baby Spinach With Chicken,9.0,"Lonsdale, Vancouver"
12537,Unknown,Potato Baking Tray,4.99,"Brewery Dist, Edmonton"
7400,Unknown,Potato Baking Tray,4.99,"Mclaughlin, Toronto"
2610,Unknown,Potato Baking Tray,4.99,"Lonsdale, Vancouver"
3127,Unknown,Popeye Select Spinach,11.99,"Lonsdale, Vancouver"
8040,Unknown,Popeye Select Spinach,11.99,"Mclaughlin, Toronto"
18116,Unknown,Popeye Select Spinach,11.99,"Mcarthur, Ottawa"
12581,Unknown,Popeye Select Spinach,11.99,"Brewery Dist, Edmonton"
11570,Unknown,Popeye Baby Spinach Mix,4.49,"Brewery Dist, Edmonton"
2137,Unknown,Popeye Baby Spinach Mix,4.49,"Lonsdale, Vancouver"
130,Unknown,Pomegranate,4.99,"Lonsdale, Vancouver"
5839,Unknown,Pomegranate,3.99,"Mclaughlin, Toronto"
14007,Unknown,Pomegranate,3.99,"Mcarthur, Ottawa"
9545,Unknown,Pomegranate,4.99,"Brewery Dist, Edmonton"
3130,Unknown,"Plantains, Single",1.16,"Lonsdale, Vancouver"
12558,Unknown,"Plantains, Single",1.16,"Brewery Dist, Edmonton"
3155,Unknown,Pitted Honey Dates,7.99,"Lonsdale, Vancouver"
18791,Unknown,Pitted Honey Dates,6.99,"Mcarthur, Ottawa"
13157,Unknown,Pitted Honey Dates,7.99,"Brewery Dist, Edmonton"
8721,Unknown,Pitted Honey Dates,6.99,"Mclaughlin, Toronto"
14216,Unknown,Pink Lady Apples,1.61,"Mcarthur, Ottawa"
9862,Unknown,Pink Lady Apples,1.38,"Brewery Dist, Edmonton"
4153,Unknown,Pink Lady Apples,1.61,"Mclaughlin, Toronto"
280,Unknown,Pink Lady Apples,1.38,"Lonsdale, Vancouver"
12547,Unknown,Pineapple/Straws Large,10.0,"Brewery Dist, Edmonton"
17502,Unknown,Pineapple/Straws Large,10.0,"Mcarthur, Ottawa"
7424,Unknown,Pineapple/Straws Large,10.0,"Mclaughlin, Toronto"
10119,Unknown,"Pineapple Vegetable Kebab, 4 pack",10.0,"Brewery Dist, Edmonton"
703,Unknown,"Pineapple Vegetable Kebab, 4 pack",10.0,"Lonsdale, Vancouver"
10123,Unknown,"Pineapple Vegetable Kebab, 2 pack",6.0,"Brewery Dist, Edmonton"
9536,Unknown,Pineapple Orange Raspberry Juice,6.0,"Brewery Dist, Edmonton"
4135,Unknown,Pineapple Cubed Small,6.0,"Mclaughlin, Toronto"
14201,Unknown,Pineapple Cubed Small,6.0,"Mcarthur, Ottawa"
9851,Unknown,Pineapple Cubed Small,6.0,"Brewery Dist, Edmonton"
433,Unknown,Pineapple Cubed Small,6.0,"Lonsdale, Vancouver"
279,Unknown,Pineapple Cubed Large,10.0,"Lonsdale, Vancouver"
14213,Unknown,Pineapple Cubed Large,10.0,"Mcarthur, Ottawa"
4150,Unknown,Pineapple Cubed Large,10.0,"Mclaughlin, Toronto"
9860,Unknown,Pineapple Cubed Large,10.0,"Brewery Dist, Edmonton"
10118,Unknown,Pineapple,5.99,"Brewery Dist, Edmonton"
6822,Unknown,Pineapple,5.49,"Mclaughlin, Toronto"
684,Unknown,Pineapple,5.99,"Lonsdale, Vancouver"
16906,Unknown,Pineapple,5.49,"Mcarthur, Ottawa"
3979,Unknown,Physalis (Gooseberries),4.99,"Mclaughlin, Toronto"
14046,Unknown,Physalis (Gooseberries),4.99,"Mcarthur, Ottawa"
3975,Unknown,"Peppers, Mini",5.99,"Mclaughlin, Toronto"
9695,Unknown,"Peppers, Mini",4.99,"Brewery Dist, Edmonton"
16405,Unknown,Pearl Onion,2.99,"Mcarthur, Ottawa"
4401,Unknown,Pearl Onion,2.99,"Mclaughlin, Toronto"
8053,Unknown,Peaches,2.47,"Mclaughlin, Toronto"
18129,Unknown,Peaches,2.47,"Mcarthur, Ottawa"
129,Unknown,Passion Fruit,2.49,"Lonsdale, Vancouver"
9544,Unknown,Passion Fruit,2.49,"Brewery Dist, Edmonton"
13910,Unknown,Passion Fruit,1.99,"Mcarthur, Ottawa"
1692,Unknown,Parsnips 2lb Bag,6.49,"Lonsdale, Vancouver"
11544,Unknown,Parsnips 2lb Bag,6.49,"Brewery Dist, Edmonton"
8037,Unknown,Parsnips 1lb Bag,5.99,"Mclaughlin, Toronto"
18114,Unknown,Parsnips 1lb Bag,5.99,"Mcarthur, Ottawa"
13810,Unknown,Parsnip,1.92,"Mcarthur, Ottawa"
17477,Unknown,Papaya,5.71,"Mcarthur, Ottawa"
2605,Unknown,Papaya,7.14,"Lonsdale, Vancouver"
7401,Unknown,Papaya,5.71,"Mclaughlin, Toronto"
12539,Unknown,Papaya,7.14,"Brewery Dist, Edmonton"
3978,Unknown,Original Greek Acropolis Salad,5.73,"Mclaughlin, Toronto"
14045,Unknown,Original Greek Acropolis Salad,5.73,"Mcarthur, Ottawa"
18805,Unknown,"Organic, Red Kale",4.99,"Mcarthur, Ottawa"
8718,Unknown,"Organic, Red Kale",4.99,"Mclaughlin, Toronto"
4404,Unknown,Organic Thai Basil Potted,3.99,"Mclaughlin, Toronto"
8729,Unknown,Organic Swiss Chard Greens,4.99,"Mclaughlin, Toronto"
18806,Unknown,Organic Swiss Chard Greens,4.99,"Mcarthur, Ottawa"
6325,Unknown,Organic Strawberries 1 LB,6.99,"Mclaughlin, Toronto"
10104,Unknown,Organic Strawberries 1 LB,8.99,"Brewery Dist, Edmonton"
16889,Unknown,Organic Strawberries 1 LB,6.99,"Mcarthur, Ottawa"
675,Unknown,Organic Strawberries 1 LB,8.99,"Lonsdale, Vancouver"
4669,Unknown,Organic Spaghetti Squash,11.8,"Mclaughlin, Toronto"
10401,Unknown,Organic Spaghetti Squash,13.77,"Brewery Dist, Edmonton"
986,Unknown,Organic Spaghetti Squash,13.77,"Lonsdale, Vancouver"
5023,Unknown,Organic Sage,3.99,"Mclaughlin, Toronto"
8724,Unknown,Organic Rosemary Potted,3.99,"Mclaughlin, Toronto"
5032,Unknown,Organic Red Onions,5.49,"Mclaughlin, Toronto"
977,Unknown,Organic Raspberries 1/2 pint,6.49,"Lonsdale, Vancouver"
14480,Unknown,Organic Raspberries 1/2 pint,5.99,"Mcarthur, Ottawa"
10129,Unknown,Organic Raspberries 1/2 pint,6.49,"Brewery Dist, Edmonton"
12566,Unknown,Organic Rainbow Swiss Chard,4.99,"Brewery Dist, Edmonton"
18098,Unknown,Organic Rainbow Swiss Chard,4.99,"Mcarthur, Ottawa"
7442,Unknown,Organic Rainbow Swiss Chard,4.99,"Mclaughlin, Toronto"
2627,Unknown,Organic Rainbow Swiss Chard,4.99,"Lonsdale, Vancouver"
3154,Unknown,Organic Rainbow Carrots,5.99,"Lonsdale, Vancouver"
13749,Unknown,Organic Rainbow Carrots,5.99,"Brewery Dist, Edmonton"
8720,Unknown,Organic Rainbow Carrots,5.99,"Mclaughlin, Toronto"
4169,Unknown,Organic Oregano Potted,3.99,"Mclaughlin, Toronto"
6842,Unknown,Organic Mint Potted,3.99,"Mclaughlin, Toronto"
2118,Unknown,Organic Medjool Dates,11.99,"Lonsdale, Vancouver"
13138,Unknown,Organic Medjool Dates,11.99,"Brewery Dist, Edmonton"
18773,Unknown,Organic Medjool Dates,11.99,"Mcarthur, Ottawa"
8694,Unknown,Organic Medjool Dates,11.99,"Mclaughlin, Toronto"
9462,Unknown,Organic Mango,3.49,"Brewery Dist, Edmonton"
3831,Unknown,Organic Mango,2.99,"Mclaughlin, Toronto"
18797,Unknown,Organic Leeks,5.99,"Mcarthur, Ottawa"
8710,Unknown,Organic Leeks,5.99,"Mclaughlin, Toronto"
13740,Unknown,Organic Leeks,6.99,"Brewery Dist, Edmonton"
3144,Unknown,Organic Leeks,6.99,"Lonsdale, Vancouver"
7397,Unknown,Organic Italian Parsley,3.99,"Mclaughlin, Toronto"
18104,Unknown,Organic Iceberg Lettuce,4.99,"Mcarthur, Ottawa"
12570,Unknown,Organic Iceberg Lettuce,4.99,"Brewery Dist, Edmonton"
2620,Unknown,Organic Iceberg Lettuce,4.99,"Lonsdale, Vancouver"
7437,Unknown,Organic Iceberg Lettuce,4.99,"Mclaughlin, Toronto"
11123,Unknown,Organic Green Kiwi,5.99,"Brewery Dist, Edmonton"
3146,Unknown,Organic Green Kale,4.99,"Lonsdale, Vancouver"
8714,Unknown,Organic Green Kale,4.99,"Mclaughlin, Toronto"
18802,Unknown,Organic Green Kale,4.99,"Mcarthur, Ottawa"
13743,Unknown,Organic Green Kale,4.99,"Brewery Dist, Edmonton"
18106,Unknown,Organic Green Dandelion,4.99,"Mcarthur, Ottawa"
8030,Unknown,Organic Green Dandelion,4.99,"Mclaughlin, Toronto"
13747,Unknown,Organic Green Cabbage,11.53,"Brewery Dist, Edmonton"
8728,Unknown,Organic Green Cabbage,7.68,"Mclaughlin, Toronto"
14242,Unknown,Organic Grape Tomatoes,9.99,"Mcarthur, Ottawa"
4179,Unknown,Organic Grape Tomatoes,9.99,"Mclaughlin, Toronto"
18790,Unknown,Organic Gold Beet Bunch,5.99,"Mcarthur, Ottawa"
18107,Unknown,Organic French Beans,6.49,"Mcarthur, Ottawa"
8031,Unknown,Organic French Beans,6.49,"Mclaughlin, Toronto"
17468,Unknown,Organic Fennel,6.99,"Mcarthur, Ottawa"
13755,Unknown,"Organic English Cucumber, Pack of 2",6.99,"Brewery Dist, Edmonton"
3151,Unknown,"Organic English Cucumber, Pack of 2",6.99,"Lonsdale, Vancouver"
18103,Unknown,Organic English Cucumber,3.99,"Mcarthur, Ottawa"
7435,Unknown,Organic English Cucumber,3.99,"Mclaughlin, Toronto"
4137,Unknown,Organic Dried Figs,5.99,"Mclaughlin, Toronto"
4164,Unknown,Organic Dried Dates,5.99,"Mclaughlin, Toronto"
4408,Unknown,Organic Dried Apricots,5.99,"Mclaughlin, Toronto"
3745,Unknown,Organic Dates,6.99,"Mclaughlin, Toronto"
697,Unknown,Organic Curly Parsley,3.99,"Lonsdale, Vancouver"
16922,Unknown,Organic Curly Parsley,3.99,"Mcarthur, Ottawa"
6838,Unknown,Organic Curly Parsley,3.99,"Mclaughlin, Toronto"
8732,Unknown,Organic Collard Greens,4.99,"Mclaughlin, Toronto"
8059,Unknown,Organic Carrots Bunched,4.99,"Mclaughlin, Toronto"
13126,Unknown,Organic Carrots Bunched,4.99,"Brewery Dist, Edmonton"
18759,Unknown,Organic Carrots Bunched,4.99,"Mcarthur, Ottawa"
2622,Unknown,Organic Carrots Bunched,4.99,"Lonsdale, Vancouver"
9875,Unknown,Organic Cantaloupe,6.99,"Brewery Dist, Edmonton"
4166,Unknown,Organic Cantaloupe,6.99,"Mclaughlin, Toronto"
8024,Unknown,Organic Brussel Sprouts,6.99,"Mclaughlin, Toronto"
12567,Unknown,Organic Brussel Sprouts,9.99,"Brewery Dist, Edmonton"
12545,Unknown,Organic Blackberries,6.49,"Brewery Dist, Edmonton"
17483,Unknown,Organic Blackberries,5.99,"Mcarthur, Ottawa"
699,Unknown,Organic Blackberries,6.49,"Lonsdale, Vancouver"
6863,Unknown,Organic Black Kale,4.99,"Mclaughlin, Toronto"
17470,Unknown,Organic Black Kale,4.99,"Mcarthur, Ottawa"
18112,Unknown,Organic Beet Bunch,5.99,"Mcarthur, Ottawa"
7440,Unknown,Organic Beet Bunch,5.99,"Mclaughlin, Toronto"
6844,Unknown,Organic Bartlett Pears,8.99,"Mclaughlin, Toronto"
11129,Unknown,Oranges Wedges,7.0,"Brewery Dist, Edmonton"
9541,Unknown,Orange Wedges Small,5.0,"Brewery Dist, Edmonton"
13905,Unknown,Orange Wedges Small,5.0,"Mcarthur, Ottawa"
44,Unknown,Orange Juice,12.0,"Lonsdale, Vancouver"
962,Unknown,Orange Juice,7.0,"Lonsdale, Vancouver"
9459,Unknown,Orange Juice,12.0,"Brewery Dist, Edmonton"
9694,Unknown,Orange Juice,6.0,"Brewery Dist, Edmonton"
47,Unknown,"Onions, Medium",30.49,"Lonsdale, Vancouver"
4406,Unknown,Okra (1 pack),5.08,"Mclaughlin, Toronto"
2141,Unknown,Okra,1.21,"Lonsdale, Vancouver"
11574,Unknown,Okra,1.21,"Brewery Dist, Edmonton"
9523,Unknown,"Neptune Crab Salad, Mini",5.0,"Brewery Dist, Edmonton"
14032,Unknown,Nectarines,2.16,"Mcarthur, Ottawa"
3805,Unknown,Nectarines,2.16,"Mclaughlin, Toronto"
466,Unknown,"Navel Orange, Medium",2.24,"Lonsdale, Vancouver"
9890,Unknown,"Navel Orange, Medium",2.24,"Brewery Dist, Edmonton"
678,Unknown,Navel Orange,2.31,"Lonsdale, Vancouver"
6333,Unknown,Navel Orange,2.31,"Mclaughlin, Toronto"
16897,Unknown,Navel Orange,2.31,"Mcarthur, Ottawa"
10111,Unknown,Navel Orange,2.31,"Brewery Dist, Edmonton"
10732,Unknown,"Mushroom Kebab, 4 pack",10.0,"Brewery Dist, Edmonton"
9678,Unknown,"Mushroom Kebab, 2 pack",6.0,"Brewery Dist, Edmonton"
14038,Unknown,"Mushroom Kebab, 2 pack",6.0,"Mcarthur, Ottawa"
14453,Unknown,"Mucci, Sundrops Tomato",3.99,"Mcarthur, Ottawa"
4389,Unknown,"Mucci, Sundrops Tomato",3.99,"Mclaughlin, Toronto"
3952,Unknown,"Morel Mushrooms, Dried",12.99,"Mclaughlin, Toronto"
14027,Unknown,"Morel Mushrooms, Dried",12.99,"Mcarthur, Ottawa"
10384,Unknown,Mixed Melon Cubed Large,10.0,"Brewery Dist, Edmonton"
970,Unknown,Mixed Melon Cubed Large,10.0,"Lonsdale, Vancouver"
14741,Unknown,Mixed Melon Cubed Large,10.0,"Mcarthur, Ottawa"
13144,Unknown,Mixed Fruit Parfait,5.0,"Brewery Dist, Edmonton"
2125,Unknown,Mixed Fruit Parfait,5.0,"Lonsdale, Vancouver"
18777,Unknown,Mixed Fruit Parfait,5.0,"Mcarthur, Ottawa"
10105,Unknown,Mixed Dried Mushrooms,5.99,"Brewery Dist, Edmonton"
676,Unknown,Mixed Dried Mushrooms,5.99,"Lonsdale, Vancouver"
16891,Unknown,Mixed Dried Mushrooms,5.99,"Mcarthur, Ottawa"
10748,Unknown,Mixed Cut Peppers,6.0,"Brewery Dist, Edmonton"
1331,Unknown,Mixed Cut Peppers,6.0,"Lonsdale, Vancouver"
9674,Unknown,Mixed Berry Juice,12.0,"Brewery Dist, Edmonton"
9548,Unknown,Mixed Berry Blend,6.0,"Brewery Dist, Edmonton"
12022,Unknown,"Mint, Fresh",1.99,"Brewery Dist, Edmonton"
6318,Unknown,"Mint, Fresh",1.99,"Mclaughlin, Toronto"
10740,Unknown,Mini Seedless Watermelon,7.99,"Brewery Dist, Edmonton"
5025,Unknown,Mini Seedless Watermelon,5.99,"Mclaughlin, Toronto"
15090,Unknown,Mini Seedless Watermelon,5.99,"Mcarthur, Ottawa"
1323,Unknown,Mini Seedless Watermelon,7.99,"Lonsdale, Vancouver"
718,Unknown,Mini Mexican Beef Taco Salad,5.0,"Lonsdale, Vancouver"
14730,Unknown,Mini Mexican Beef Taco Salad,5.0,"Mcarthur, Ottawa"
10091,Unknown,Mini Medjools Sweet & Salty Almond,8.99,"Brewery Dist, Edmonton"
14462,Unknown,Mini Medjools Sweet & Salty Almond,7.99,"Mcarthur, Ottawa"
4395,Unknown,Mini Medjools Sweet & Salty Almond,7.99,"Mclaughlin, Toronto"
15880,Unknown,Mini Medjools Organic Cranberry Pistachio,9.99,"Mcarthur, Ottawa"
11532,Unknown,Mini Medjools Organic Cranberry Pistachio,11.99,"Brewery Dist, Edmonton"
715,Unknown,Mini Greek Salad,5.0,"Lonsdale, Vancouver"
4416,Unknown,Mini Greek Salad,5.0,"Mclaughlin, Toronto"
14042,Unknown,Mini Garden Cheddar Salad,5.0,"Mcarthur, Ottawa"
9696,Unknown,Mini Garden Cheddar Salad,5.0,"Brewery Dist, Edmonton"
15087,Unknown,Mini Cucumbers,5.99,"Mcarthur, Ottawa"
11098,Unknown,Mini Cobb Salad,5.0,"Brewery Dist, Edmonton"
16895,Unknown,"Mini Bananas, Bunch",2.17,"Mcarthur, Ottawa"
6332,Unknown,"Mini Bananas, Bunch",2.17,"Mclaughlin, Toronto"
1711,Unknown,"Mexican Style Beef Taco Salad, Family Size",19.0,"Lonsdale, Vancouver"
672,Unknown,"Mediterranean Tuna Salad, Mini",5.0,"Lonsdale, Vancouver"
10101,Unknown,"Mediterranean Tuna Salad, Mini",5.0,"Brewery Dist, Edmonton"
111,Unknown,McIntosh Apples 3lb Bag,6.99,"Lonsdale, Vancouver"
9522,Unknown,McIntosh Apples 3lb Bag,6.99,"Brewery Dist, Edmonton"
14224,Unknown,McIntosh Apples,1.1,"Mcarthur, Ottawa"
4161,Unknown,McIntosh Apples,1.1,"Mclaughlin, Toronto"
5394,Unknown,Matchstick Carrots,2.99,"Mclaughlin, Toronto"
10103,Unknown,"Marinated Tofu Kebab, 4-Pack",10.0,"Brewery Dist, Edmonton"
11114,Unknown,"Marinated Tofu Kebab, 2-Pack",6.0,"Brewery Dist, Edmonton"
4403,Unknown,"Manzano Bananas, Bunch",3.78,"Mclaughlin, Toronto"
9871,Unknown,Mango Spears,8.0,"Brewery Dist, Edmonton"
966,Unknown,Mango Fruit Parfait,5.0,"Lonsdale, Vancouver"
13799,Unknown,Mango,2.99,"Mcarthur, Ottawa"
3735,Unknown,Mango,2.99,"Mclaughlin, Toronto"
9869,Unknown,Mandarin Oranges,2.25,"Brewery Dist, Edmonton"
14745,Unknown,Lunch Size Veg and Dip 600G,8.0,"Mcarthur, Ottawa"
10389,Unknown,Lunch Size Veg and Dip 600G,8.0,"Brewery Dist, Edmonton"
14049,Unknown,Long Eggplants (1Pack),12.76,"Mcarthur, Ottawa"
3983,Unknown,Long Eggplants (1Pack),12.76,"Mclaughlin, Toronto"
10102,Unknown,Long Eggplants,1.92,"Brewery Dist, Edmonton"
673,Unknown,Long Eggplants,1.92,"Lonsdale, Vancouver"
19490,Unknown,LoBok (Daikon Radish),3.09,"Mcarthur, Ottawa"
8740,Unknown,LoBok (Daikon Radish),3.09,"Mclaughlin, Toronto"
3699,Unknown,LoBok (Daikon Radish),3.28,"Lonsdale, Vancouver"
13761,Unknown,LoBok (Daikon Radish),3.28,"Brewery Dist, Edmonton"
13785,Unknown,Limes,0.99,"Mcarthur, Ottawa"
9436,Unknown,Limes,0.99,"Brewery Dist, Edmonton"
3721,Unknown,Limes,0.99,"Mclaughlin, Toronto"
20,Unknown,Limes,0.99,"Lonsdale, Vancouver"
16923,Unknown,Lettuce Little Gem,5.99,"Mcarthur, Ottawa"
6839,Unknown,Lettuce Little Gem,5.99,"Mclaughlin, Toronto"
3710,Unknown,Lettuce Iceberg,3.99,"Mclaughlin, Toronto"
9426,Unknown,Lettuce Iceberg,3.99,"Brewery Dist, Edmonton"
13775,Unknown,Lettuce Iceberg,3.99,"Mcarthur, Ottawa"
10,Unknown,Lettuce Iceberg,3.99,"Lonsdale, Vancouver"
12580,Unknown,Lemongrass,1.99,"Brewery Dist, Edmonton"
3126,Unknown,Lemongrass,1.99,"Lonsdale, Vancouver"
16386,Unknown,"Lemon Grass, 2 Pack",2.99,"Mcarthur, Ottawa"
6295,Unknown,"Lemon Grass, 2 Pack",2.99,"Mclaughlin, Toronto"
12,Unknown,Lemon,0.99,"Lonsdale, Vancouver"
13778,Unknown,Lemon,0.99,"Mcarthur, Ottawa"
9428,Unknown,Lemon,0.99,"Brewery Dist, Edmonton"
3713,Unknown,Lemon,0.99,"Mclaughlin, Toronto"
12025,Unknown,Leeks,6.99,"Brewery Dist, Edmonton"
16404,Unknown,Leeks,5.99,"Mcarthur, Ottawa"
2145,Unknown,Leeks,6.99,"Lonsdale, Vancouver"
6321,Unknown,Leeks,5.99,"Mclaughlin, Toronto"
14211,Unknown,Lebanese Tabbouleh Salad,8.47,"Mcarthur, Ottawa"
4148,Unknown,Lebanese Tabbouleh Salad,8.47,"Mclaughlin, Toronto"
16899,Unknown,Lavender & Elderflower Infused Lemonade,6.0,"Mcarthur, Ottawa"
6335,Unknown,Lavender & Elderflower Infused Lemonade,6.0,"Mclaughlin, Toronto"
1329,Unknown,Large Steak & Egg Salad,13.0,"Lonsdale, Vancouver"
15095,Unknown,Large Steak & Egg Salad,13.0,"Mcarthur, Ottawa"
10746,Unknown,Large Steak & Egg Salad,13.0,"Brewery Dist, Edmonton"
13135,Unknown,Large Shrimp & Bacon Caesar Salad,13.0,"Brewery Dist, Edmonton"
2123,Unknown,Large Shrimp & Bacon Caesar Salad,13.0,"Lonsdale, Vancouver"
15077,Unknown,Large Organic Pineapple,5.99,"Mcarthur, Ottawa"
4679,Unknown,Large Organic Pineapple,5.99,"Mclaughlin, Toronto"
9858,Unknown,Large Neptune Crab Salad,13.0,"Brewery Dist, Edmonton"
450,Unknown,Large Mexican Style Beef Taco Salad,13.0,"Lonsdale, Vancouver"
14226,Unknown,Large Mexican Style Beef Taco Salad,13.0,"Mcarthur, Ottawa"
9868,Unknown,Large Mexican Style Beef Taco Salad,13.0,"Brewery Dist, Edmonton"
9552,Unknown,Large Mediterranean Tuna Salad,13.0,"Brewery Dist, Edmonton"
10731,Unknown,Large Lobster Club Salad,17.0,"Brewery Dist, Edmonton"
9525,Unknown,Large House Salad,12.0,"Brewery Dist, Edmonton"
13876,Unknown,Large House Salad,12.0,"Mcarthur, Ottawa"
101,Unknown,Large House Salad,12.0,"Lonsdale, Vancouver"
3825,Unknown,Large House Salad,12.0,"Mclaughlin, Toronto"
9526,Unknown,Large House Cheddar Salad,12.0,"Brewery Dist, Edmonton"
13879,Unknown,Large House Cheddar Salad,12.0,"Mcarthur, Ottawa"
3829,Unknown,Large House Cheddar Salad,12.0,"Mclaughlin, Toronto"
116,Unknown,Large House Cheddar Salad,12.0,"Lonsdale, Vancouver"
15063,Unknown,Large Greek Salad,12.0,"Mcarthur, Ottawa"
1001,Unknown,Large Greek Salad,12.0,"Lonsdale, Vancouver"
4700,Unknown,Large Greek Salad,12.0,"Mclaughlin, Toronto"
10419,Unknown,Large Greek Salad,12.0,"Brewery Dist, Edmonton"
10421,Unknown,Large Chicken Caesar Salad,12.0,"Brewery Dist, Edmonton"
1003,Unknown,Large Chicken Caesar Salad,12.0,"Lonsdale, Vancouver"
4997,Unknown,Large Chicken Caesar Salad,12.0,"Mclaughlin, Toronto"
15064,Unknown,Large Chicken Caesar Salad,12.0,"Mcarthur, Ottawa"
441,Unknown,Large Caesar Salad,12.0,"Lonsdale, Vancouver"
4146,Unknown,Large Caesar Salad,12.0,"Mclaughlin, Toronto"
14209,Unknown,Large Caesar Salad,12.0,"Mcarthur, Ottawa"
8716,Unknown,Kohlrabi,3.23,"Mclaughlin, Toronto"
13745,Unknown,Kohlrabi,3.23,"Brewery Dist, Edmonton"
3167,Unknown,Kiwis,1.09,"Lonsdale, Vancouver"
8738,Unknown,Kiwis,1.09,"Mclaughlin, Toronto"
19488,Unknown,Kiwis,1.09,"Mcarthur, Ottawa"
984,Unknown,Kiwi Fruit,7.99,"Lonsdale, Vancouver"
14472,Unknown,Kiwi Fruit,6.99,"Mcarthur, Ottawa"
998,Unknown,Kale Spinach Pineapple Orange Blend,14.0,"Lonsdale, Vancouver"
1303,Unknown,Kale Spinach Pineapple Orange Blend,7.0,"Lonsdale, Vancouver"
2149,Unknown,Kale,3.99,"Lonsdale, Vancouver"
12024,Unknown,Kale,3.99,"Brewery Dist, Edmonton"
16403,Unknown,Kale,3.99,"Mcarthur, Ottawa"
6320,Unknown,Kale,3.99,"Mclaughlin, Toronto"
996,Unknown,Kabocha Squash,13.51,"Lonsdale, Vancouver"
10412,Unknown,Kabocha Squash,13.51,"Brewery Dist, Edmonton"
14020,Unknown,Jicama,3.99,"Mcarthur, Ottawa"
3816,Unknown,Jicama,3.99,"Mclaughlin, Toronto"
9560,Unknown,Jicama,4.23,"Brewery Dist, Edmonton"
5409,Unknown,Japanese Yams,6.26,"Mclaughlin, Toronto"
11116,Unknown,Japanese Yams,7.73,"Brewery Dist, Edmonton"
4699,Unknown,Jamaican Sweet Potatoes,5.28,"Mclaughlin, Toronto"
4695,Unknown,Jamaican Ginger,4.05,"Mclaughlin, Toronto"
15092,Unknown,Jalapeno Peppers,0.55,"Mcarthur, Ottawa"
5027,Unknown,Jalapeno Peppers,0.55,"Mclaughlin, Toronto"
10742,Unknown,Jalapeno Peppers,0.5,"Brewery Dist, Edmonton"
3801,Unknown,Italian Parsley,2.69,"Mclaughlin, Toronto"
133,Unknown,Italian Parsley,2.69,"Lonsdale, Vancouver"
16390,Unknown,Italian Eggplants,1.58,"Mcarthur, Ottawa"
6303,Unknown,Italian Eggplants,1.58,"Mclaughlin, Toronto"
5022,Unknown,Indian Okra,4.1,"Mclaughlin, Toronto"
7436,Unknown,Horseradish,6.94,"Mclaughlin, Toronto"
10715,Unknown,Honeydew Slices,6.0,"Brewery Dist, Edmonton"
5004,Unknown,Honeydew Slices,6.0,"Mclaughlin, Toronto"
14009,Unknown,Honeydew Melon Halves,6.0,"Mcarthur, Ottawa"
9546,Unknown,Honeydew Melon Halves,6.0,"Brewery Dist, Edmonton"
11559,Unknown,Honeydew Melon,6.99,"Brewery Dist, Edmonton"
16367,Unknown,Honeydew Melon,7.99,"Mcarthur, Ottawa"
2132,Unknown,Honeydew Melon,6.99,"Lonsdale, Vancouver"
14238,Unknown,Honeydew Cubed Small,6.0,"Mcarthur, Ottawa"
458,Unknown,Honeydew Cubed Small,6.0,"Lonsdale, Vancouver"
9880,Unknown,Honeydew Cubed Small,6.0,"Brewery Dist, Edmonton"
10094,Unknown,Honeycrisp Apples,2.11,"Brewery Dist, Edmonton"
14465,Unknown,Honeycrisp Apples,1.32,"Mcarthur, Ottawa"
4398,Unknown,Honeycrisp Apples,1.32,"Mclaughlin, Toronto"
475,Unknown,Honeycrisp Apples,2.11,"Lonsdale, Vancouver"
4173,Unknown,Honey Pitted Dates,4.99,"Mclaughlin, Toronto"
14237,Unknown,Honey Pitted Dates,4.99,"Mcarthur, Ottawa"
7427,Unknown,Homestyle Coleslaw with Yogurt Dressing,2.29,"Mclaughlin, Toronto"
17505,Unknown,Homestyle Coleslaw with Yogurt Dressing,2.29,"Mcarthur, Ottawa"
14008,Unknown,Hibiscus & Rose Hip Infused Lemonade ,6.0,"Mcarthur, Ottawa"
18115,Unknown,Heirloom Tomatoes,2.42,"Mcarthur, Ottawa"
8038,Unknown,Heirloom Tomatoes,2.42,"Mclaughlin, Toronto"
10385,Unknown,Hami Melons,14.75,"Brewery Dist, Edmonton"
971,Unknown,Hami Melons,14.75,"Lonsdale, Vancouver"
4693,Unknown,Hami Melons,14.75,"Mclaughlin, Toronto"
15073,Unknown,Halo Mandarin,9.99,"Mcarthur, Ottawa"
4688,Unknown,Halo Mandarin,9.99,"Mclaughlin, Toronto"
10108,Unknown,"Halloom Pineapple Kebab, 2 pack",6.0,"Brewery Dist, Edmonton"
9895,Unknown,Guava,6.05,"Brewery Dist, Edmonton"
14457,Unknown,Guava,7.71,"Mcarthur, Ottawa"
11548,Unknown,Grilling Veggie Kabobs,8.0,"Brewery Dist, Edmonton"
4676,Unknown,Grilled Chicken Caesar Salad,2.29,"Mclaughlin, Toronto"
15071,Unknown,Grilled Chicken Caesar Salad,2.29,"Mcarthur, Ottawa"
2143,Unknown,"Greenhouse Peppers, Yellow",2.75,"Lonsdale, Vancouver"
16380,Unknown,"Greenhouse Peppers, Yellow",2.2,"Mcarthur, Ottawa"
5860,Unknown,"Greenhouse Peppers, Yellow",2.2,"Mclaughlin, Toronto"
11569,Unknown,"Greenhouse Peppers, Yellow",2.75,"Brewery Dist, Edmonton"
16907,Unknown,"Greenhouse Peppers, Orange",2.11,"Mcarthur, Ottawa"
6823,Unknown,"Greenhouse Peppers, Orange",2.11,"Mclaughlin, Toronto"
685,Unknown,"Greenhouse Peppers, Orange",2.64,"Lonsdale, Vancouver"
12032,Unknown,"Greenhouse Peppers, Orange",2.64,"Brewery Dist, Edmonton"
5824,Unknown,Greenbelt Organic Super Crunch,5.99,"Mclaughlin, Toronto"
15886,Unknown,Greenbelt Organic Super Crunch,5.99,"Mcarthur, Ottawa"
16362,Unknown,Greenbelt Organic Arugula,5.99,"Mcarthur, Ottawa"
5844,Unknown,Greenbelt Organic Arugula,5.99,"Mclaughlin, Toronto"
13739,Unknown,Green Swiss Chard,4.99,"Brewery Dist, Edmonton"
18795,Unknown,Green Swiss Chard,3.99,"Mcarthur, Ottawa"
3143,Unknown,Green Swiss Chard,4.99,"Lonsdale, Vancouver"
8708,Unknown,Green Swiss Chard,3.99,"Mclaughlin, Toronto"
21,Unknown,Green Seedless Grapes,13.47,"Lonsdale, Vancouver"
13786,Unknown,Green Seedless Grapes,13.47,"Mcarthur, Ottawa"
3722,Unknown,Green Seedless Grapes,13.47,"Mclaughlin, Toronto"
9437,Unknown,Green Seedless Grapes,13.47,"Brewery Dist, Edmonton"
1328,Unknown,Green Peppers,5.99,"Lonsdale, Vancouver"
10745,Unknown,Green Peppers,5.99,"Brewery Dist, Edmonton"
4,Unknown,Green Onion,1.99,"Lonsdale, Vancouver"
3704,Unknown,Green Onion,1.49,"Mclaughlin, Toronto"
9420,Unknown,Green Onion,1.99,"Brewery Dist, Edmonton"
13770,Unknown,Green Onion,1.49,"Mcarthur, Ottawa"
17471,Unknown,Green Leaf Lettuce,3.99,"Mcarthur, Ottawa"
2597,Unknown,Green Leaf Lettuce,3.99,"Lonsdale, Vancouver"
6864,Unknown,Green Leaf Lettuce,3.99,"Mclaughlin, Toronto"
12046,Unknown,Green Leaf Lettuce,3.99,"Brewery Dist, Edmonton"
18099,Unknown,Green Garlic,5.99,"Mcarthur, Ottawa"
7434,Unknown,Green Garlic,5.99,"Mclaughlin, Toronto"
2607,Unknown,Green Beans,0.5,"Lonsdale, Vancouver"
12541,Unknown,Green Beans,0.5,"Brewery Dist, Edmonton"
8060,Unknown,Green Beans,4.99,"Mclaughlin, Toronto"
18760,Unknown,Green Beans,4.99,"Mcarthur, Ottawa"
9702,Unknown,Greek Yogurt Parfait,5.0,"Brewery Dist, Edmonton"
3984,Unknown,Greek Yogurt Parfait,5.0,"Mclaughlin, Toronto"
14051,Unknown,Greek Yogurt Parfait,5.0,"Mcarthur, Ottawa"
3824,Unknown,Greek Salad Family Size,17.0,"Mclaughlin, Toronto"
110,Unknown,Greek Salad Family Size,17.0,"Lonsdale, Vancouver"
13874,Unknown,Greek Salad Family Size,17.0,"Mcarthur, Ottawa"
9521,Unknown,Greek Salad Family Size,17.0,"Brewery Dist, Edmonton"
45,Unknown,"Greek Quinoa Spring Mix Salad, Mini",5.0,"Lonsdale, Vancouver"
18770,Unknown,Grape Tomatoes,5.99,"Mcarthur, Ottawa"
9670,Unknown,Granny Smith Apples,1.32,"Brewery Dist, Edmonton"
258,Unknown,Granny Smith Apples,1.32,"Lonsdale, Vancouver"
15066,Unknown,Granadilla,2.49,"Mcarthur, Ottawa"
10422,Unknown,Granadilla,2.99,"Brewery Dist, Edmonton"
1004,Unknown,Granadilla,2.99,"Lonsdale, Vancouver"
4998,Unknown,Granadilla,2.49,"Mclaughlin, Toronto"
9877,Unknown,Golden Figs,5.99,"Brewery Dist, Edmonton"
14235,Unknown,Golden Figs,5.99,"Mcarthur, Ottawa"
275,Unknown,Golden Figs,5.99,"Lonsdale, Vancouver"
4171,Unknown,Golden Figs,5.99,"Mclaughlin, Toronto"
14452,Unknown,Gold Cored Pineapple,6.99,"Mcarthur, Ottawa"
4388,Unknown,Gold Cored Pineapple,6.99,"Mclaughlin, Toronto"
4374,Unknown,Ginger & Lime Infused Lemonade ,6.0,"Mclaughlin, Toronto"
35,Unknown,Ginger,2.31,"Lonsdale, Vancouver"
3737,Unknown,Ginger,1.85,"Mclaughlin, Toronto"
9450,Unknown,Ginger,2.31,"Brewery Dist, Edmonton"
13801,Unknown,Ginger,1.85,"Mcarthur, Ottawa"
14233,Unknown,Genuine Coconut Organic Coconut Topping,6.99,"Mcarthur, Ottawa"
4170,Unknown,Genuine Coconut Organic Coconut Topping,6.99,"Mclaughlin, Toronto"
15479,Unknown,Genuine Coconut Organic Coconut Chunks,5.99,"Mcarthur, Ottawa"
5390,Unknown,"Garlic, Peeled",3.49,"Mclaughlin, Toronto"
5000,Unknown,Garlic Bulbs,6.49,"Mclaughlin, Toronto"
10423,Unknown,Garlic Bulbs,5.99,"Brewery Dist, Edmonton"
15925,Unknown,Garden Vegetable Spring Mix,9.0,"Mcarthur, Ottawa"
11554,Unknown,Garden Vegetable Spring Mix,9.0,"Brewery Dist, Edmonton"
15080,Unknown,Garden Spring Mix Salad,9.0,"Mcarthur, Ottawa"
9861,Unknown,Garden Salad Mini,5.0,"Brewery Dist, Edmonton"
4152,Unknown,Garden Salad Mini,5.0,"Mclaughlin, Toronto"
278,Unknown,Garden Salad Mini,5.0,"Lonsdale, Vancouver"
14215,Unknown,Garden Salad Mini,5.0,"Mcarthur, Ottawa"
18132,Unknown,Fuyu Persimmon,2.49,"Mcarthur, Ottawa"
8055,Unknown,Fuyu Persimmon,2.49,"Mclaughlin, Toronto"
13122,Unknown,Fuyu Persimmon,2.99,"Brewery Dist, Edmonton"
10128,Unknown,Fuji Apples,1.58,"Brewery Dist, Edmonton"
979,Unknown,Fuji Apples,1.58,"Lonsdale, Vancouver"
14478,Unknown,Fuji Apples,1.58,"Mcarthur, Ottawa"
11115,Unknown,Fruit Salad Large,10.0,"Brewery Dist, Edmonton"
15468,Unknown,Fruit Salad Large,10.0,"Mcarthur, Ottawa"
8695,Unknown,Fruit Salad Large,10.0,"Mclaughlin, Toronto"
6859,Unknown,Frisee Lettuce 2-pack,4.99,"Mclaughlin, Toronto"
13872,Unknown,"Fresh Thyme, 4"" Pot",4.99,"Mcarthur, Ottawa"
109,Unknown,Fresh Salsa,4.16,"Lonsdale, Vancouver"
9519,Unknown,Fresh Salsa,4.16,"Brewery Dist, Edmonton"
14475,Unknown,"Fresh Rosemary, 4"" Pot",4.99,"Mcarthur, Ottawa"
4682,Unknown,"Fresh Orange, Spinach, Kale, Celery Juice",13.0,"Mclaughlin, Toronto"
10414,Unknown,"Fresh Orange, Spinach, Kale, Celery Juice",13.0,"Brewery Dist, Edmonton"
479,Unknown,"Fresh Orange, Spinach, Kale, Celery Juice",7.0,"Lonsdale, Vancouver"
10100,Unknown,"Fresh Orange, Spinach, Kale, Celery Juice",7.0,"Brewery Dist, Edmonton"
6323,Unknown,"Fresh Orange, Spinach, Kale, Celery Juice",7.0,"Mclaughlin, Toronto"
14030,Unknown,Fresh Orange Juice,6.0,"Mcarthur, Ottawa"
14772,Unknown,Fresh Orange Juice,12.0,"Mcarthur, Ottawa"
17501,Unknown,Fresh Orange Juice,15.0,"Mcarthur, Ottawa"
9687,Unknown,Fresh Orange Juice,6.0,"Brewery Dist, Edmonton"
10417,Unknown,Fresh Orange Juice,12.0,"Brewery Dist, Edmonton"
242,Unknown,Fresh Orange Juice,6.0,"Lonsdale, Vancouver"
14456,Unknown,"Fresh Mint, 4"" Pot",4.99,"Mcarthur, Ottawa"
12544,Unknown,Fresh Mango Pineapple Smoothie,5.99,"Brewery Dist, Edmonton"
2613,Unknown,Fresh Mango Pineapple Smoothie,5.99,"Lonsdale, Vancouver"
10090,Unknown,"Fresh Guacamole, Small",3.99,"Brewery Dist, Edmonton"
14460,Unknown,"Fresh Guacamole, Small",3.99,"Mcarthur, Ottawa"
978,Unknown,Fresh Guacamole,4.95,"Lonsdale, Vancouver"
9852,Unknown,Fresh Green Spinach Mango Smoothie,5.99,"Brewery Dist, Edmonton"
14203,Unknown,Fresh Green Spinach Mango Smoothie,5.99,"Mcarthur, Ottawa"
714,Unknown,Fresh Fruit Snack Cup,6.0,"Lonsdale, Vancouver"
18111,Unknown,"Fresh Dill, Baby",3.99,"Mcarthur, Ottawa"
7439,Unknown,"Fresh Dill, Baby",3.99,"Mclaughlin, Toronto"
12576,Unknown,"Fresh Dill, Baby",3.99,"Brewery Dist, Edmonton"
2624,Unknown,"Fresh Dill, Baby",3.99,"Lonsdale, Vancouver"
105,Unknown,"Fresh Cut Fruit Salad, Small",7.0,"Lonsdale, Vancouver"
9464,Unknown,"Fresh Cut Fruit Salad, Small",7.0,"Brewery Dist, Edmonton"
13863,Unknown,"Fresh Cut Fruit Salad, Small",7.0,"Mcarthur, Ottawa"
16934,Unknown,Fresh Coconut Young,4.99,"Mcarthur, Ottawa"
2594,Unknown,Fresh Coconut Young,5.99,"Lonsdale, Vancouver"
12044,Unknown,Fresh Coconut Young,5.99,"Brewery Dist, Edmonton"
6854,Unknown,Fresh Coconut Young,4.99,"Mclaughlin, Toronto"
9672,Unknown,"Fresh Berry Bowl, Small",7.0,"Brewery Dist, Edmonton"
261,Unknown,"Fresh Berry Bowl, Small",7.0,"Lonsdale, Vancouver"
18131,Unknown,Fresh Banana Strawberry Smoothie,5.99,"Mcarthur, Ottawa"
3133,Unknown,Fresh Banana Strawberry Smoothie,5.99,"Lonsdale, Vancouver"
13121,Unknown,Fresh Banana Strawberry Smoothie,5.99,"Brewery Dist, Edmonton"
8054,Unknown,Fresh Banana Strawberry Smoothie,5.99,"Mclaughlin, Toronto"
10713,Unknown,"Fresh Apple, Lemon, Ginger, Turmeric Juice",7.0,"Brewery Dist, Edmonton"
3822,Unknown,"Fresh Apple, Lemon, Ginger, Turmeric Juice",13.0,"Mclaughlin, Toronto"
1006,Unknown,"Fresh Apple, Lemon, Ginger, Turmeric Juice",7.0,"Lonsdale, Vancouver"
9549,Unknown,"Fresh Apple, Lemon, Ginger, Turmeric Juice",13.0,"Brewery Dist, Edmonton"
14012,Unknown,"Fresh Apple, Lemon, Ginger, Turmeric Juice",13.0,"Mcarthur, Ottawa"
3800,Unknown,"Fresh Apple, Carrot, Beet, Lemon Juice",13.0,"Mclaughlin, Toronto"
15474,Unknown,"Fresh Apple, Carrot, Beet, Lemon Juice",7.0,"Mcarthur, Ottawa"
11128,Unknown,"Fresh Apple, Carrot, Beet, Lemon Juice",7.0,"Brewery Dist, Edmonton"
9554,Unknown,"Fresh Apple, Carrot, Beet, Lemon Juice",13.0,"Brewery Dist, Edmonton"
5402,Unknown,"Fresh Apple, Carrot, Beet, Lemon Juice",7.0,"Mclaughlin, Toronto"
9533,Unknown,"Fresh Apple, Blueberry, Cranberry, Mint Juice",13.0,"Brewery Dist, Edmonton"
9555,Unknown,"Fresh Apple, Blueberry, Cranberry, Mint Juice",7.0,"Brewery Dist, Edmonton"
13890,Unknown,"Fresh Apple, Blueberry, Cranberry, Mint Juice",13.0,"Mcarthur, Ottawa"
3821,Unknown,"Fresh Apple, Blueberry, Cranberry, Mint Juice",7.0,"Mclaughlin, Toronto"
18113,Unknown,French Beans,5.99,"Mcarthur, Ottawa"
2625,Unknown,French Beans,5.99,"Lonsdale, Vancouver"
12577,Unknown,French Beans,5.99,"Brewery Dist, Edmonton"
7441,Unknown,French Beans,5.99,"Mclaughlin, Toronto"
7444,Unknown,French Bean,8.99,"Mclaughlin, Toronto"
2629,Unknown,French Bean,8.99,"Lonsdale, Vancouver"
15447,Unknown,Forelle Pears,1.21,"Mcarthur, Ottawa"
5393,Unknown,Forelle Pears,1.21,"Mclaughlin, Toronto"
14245,Unknown,Flavour Burst Sungold Golden Kiwi,7.99,"Mcarthur, Ottawa"
4376,Unknown,Flavour Burst Sungold Golden Kiwi,7.99,"Mclaughlin, Toronto"
12579,Unknown,Fenugreek,2.99,"Brewery Dist, Edmonton"
8061,Unknown,Fennel,5.49,"Mclaughlin, Toronto"
13123,Unknown,Fennel,5.99,"Brewery Dist, Edmonton"
18761,Unknown,Fennel,5.49,"Mcarthur, Ottawa"
2630,Unknown,Fennel,5.99,"Lonsdale, Vancouver"
8056,Unknown,Escarole,3.49,"Mclaughlin, Toronto"
2,Unknown,English Cucumber,1.99,"Lonsdale, Vancouver"
13768,Unknown,English Cucumber,1.29,"Mcarthur, Ottawa"
3702,Unknown,English Cucumber,1.29,"Mclaughlin, Toronto"
6299,Unknown,Endive,5.99,"Mclaughlin, Toronto"
16388,Unknown,Endive,5.99,"Mcarthur, Ottawa"
13155,Unknown,"Eggplant, Baby",0.55,"Brewery Dist, Edmonton"
5404,Unknown,Eddoes,1.32,"Mclaughlin, Toronto"
15459,Unknown,Eddoes,1.32,"Mcarthur, Ottawa"
1330,Unknown,Dried Turkish Apricots,3.99,"Lonsdale, Vancouver"
10747,Unknown,Dried Turkish Apricots,3.99,"Brewery Dist, Edmonton"
5031,Unknown,Dried Turkish Apricots,3.49,"Mclaughlin, Toronto"
9460,Unknown,Dried Porcini Mushrooms,5.99,"Brewery Dist, Edmonton"
3746,Unknown,Dried Porcini Mushrooms,5.99,"Mclaughlin, Toronto"
46,Unknown,Dried Porcini Mushrooms,5.99,"Lonsdale, Vancouver"
13814,Unknown,Dried Porcini Mushrooms,5.99,"Mcarthur, Ottawa"
1688,Unknown,Dragon Fruit Parfait,5.0,"Lonsdale, Vancouver"
12561,Unknown,Dragon Fruit,4.99,"Brewery Dist, Edmonton"
9513,Unknown,"Diced Papaya, Small",6.0,"Brewery Dist, Edmonton"
11533,Unknown,"Diced Mango, Small",6.0,"Brewery Dist, Edmonton"
5403,Unknown,Deluxe Neptune Salad,2.29,"Mclaughlin, Toronto"
14231,Unknown,Deluxe Bean Salad,5.5,"Mcarthur, Ottawa"
4167,Unknown,Deluxe Bean Salad,5.5,"Mclaughlin, Toronto"
10716,Unknown,Decadent Strawberry Parfait,5.0,"Brewery Dist, Edmonton"
9675,Unknown,Decadent Blueberry Parfait,5.0,"Brewery Dist, Edmonton"
3971,Unknown,Dates Medjool,14.99,"Mclaughlin, Toronto"
138,Unknown,Dates Medjool,16.99,"Lonsdale, Vancouver"
11120,Unknown,Dates Cups,3.69,"Brewery Dist, Edmonton"
16398,Unknown,Dandelion Greens,4.99,"Mcarthur, Ottawa"
6306,Unknown,Dandelion Greens,4.99,"Mclaughlin, Toronto"
9873,Unknown,Cut Papaya Halves,5.0,"Brewery Dist, Edmonton"
9542,Unknown,Curly Parsley,2.69,"Brewery Dist, Edmonton"
142,Unknown,Curly Parsley,2.69,"Lonsdale, Vancouver"
13907,Unknown,Curly Parsley,2.69,"Mcarthur, Ottawa"
3973,Unknown,"Cubed Kiwi & Strawberries, Small",6.0,"Mclaughlin, Toronto"
14214,Unknown,Cubanelle Peppers,1.87,"Mcarthur, Ottawa"
4151,Unknown,Cubanelle Peppers,1.87,"Mclaughlin, Toronto"
13156,Unknown,Cremini Mushrooms,0.36,"Brewery Dist, Edmonton"
3162,Unknown,Cremini Mushrooms,0.36,"Lonsdale, Vancouver"
11113,Unknown,"Corn Pepper Zucchini Red Pepper Kebab, 4 pack",10.0,"Brewery Dist, Edmonton"
1687,Unknown,"Corn Pepper Zucchini Red Pepper Kebab, 2 pack",6.0,"Lonsdale, Vancouver"
1005,Unknown,Cored Pineapple,7.49,"Lonsdale, Vancouver"
10424,Unknown,Cored Pineapple,7.49,"Brewery Dist, Edmonton"
16382,Unknown,Colossal Garlic,1.76,"Mcarthur, Ottawa"
8709,Unknown,Collard Greens,3.99,"Mclaughlin, Toronto"
18796,Unknown,Collard Greens,3.99,"Mcarthur, Ottawa"
9864,Unknown,Cold Pressed Lemonade,6.0,"Brewery Dist, Edmonton"
14221,Unknown,Cold Pressed Lemonade,6.0,"Mcarthur, Ottawa"
285,Unknown,Cold Pressed Lemonade,6.0,"Lonsdale, Vancouver"
4158,Unknown,Cold Pressed Lemonade,6.0,"Mclaughlin, Toronto"
12562,Unknown,Coconuts,3.99,"Brewery Dist, Edmonton"
18090,Unknown,Coconuts,2.49,"Mcarthur, Ottawa"
5019,Unknown,Coconut Rolled Medjool Dates,8.99,"Mclaughlin, Toronto"
5034,Unknown,Cobb with Cheddar Salad Mini,5.0,"Mclaughlin, Toronto"
15098,Unknown,Cobb with Cheddar Salad Mini,5.0,"Mcarthur, Ottawa"
1333,Unknown,Cobb with Cheddar Salad Mini,5.0,"Lonsdale, Vancouver"
10751,Unknown,Cobb with Cheddar Salad Mini,5.0,"Brewery Dist, Edmonton"
14024,Unknown,Cobb Salad with Cheddar Chips,9.0,"Mcarthur, Ottawa"
3950,Unknown,Cobb Salad with Cheddar Chips,9.0,"Mclaughlin, Toronto"
13788,Unknown,Cilantro,2.69,"Mcarthur, Ottawa"
3724,Unknown,Cilantro,2.69,"Mclaughlin, Toronto"
24,Unknown,Cilantro,1.99,"Lonsdale, Vancouver"
8697,Unknown,Chocolate Granola Packed Parfait with Mixed Berries,5.0,"Mclaughlin, Toronto"
12056,Unknown,Chinese Napa Cabbage,6.15,"Brewery Dist, Edmonton"
2609,Unknown,Chinese Napa Cabbage,6.15,"Lonsdale, Vancouver"
7398,Unknown,Chinese Napa Cabbage,4.92,"Mclaughlin, Toronto"
9882,Unknown,"Chinese Carrots, Jumbo",4.07,"Brewery Dist, Edmonton"
4176,Unknown,"Chinese Carrots, Jumbo",3.26,"Mclaughlin, Toronto"
460,Unknown,"Chinese Carrots, Jumbo",4.07,"Lonsdale, Vancouver"
6293,Unknown,Chinese Broccoli (gai lan),5.37,"Mclaughlin, Toronto"
10729,Unknown,Chickpea Salad,9.0,"Brewery Dist, Edmonton"
1308,Unknown,Chickpea Salad,9.0,"Lonsdale, Vancouver"
1319,Unknown,Chicken Salad,2.29,"Lonsdale, Vancouver"
17498,Unknown,Chicken Salad,2.29,"Mcarthur, Ottawa"
7421,Unknown,Chicken Salad,2.29,"Mclaughlin, Toronto"
11543,Unknown,"Chicken Ceasar Salad, Mini No Bacon",5.0,"Brewery Dist, Edmonton"
1691,Unknown,"Chicken Ceasar Salad, Mini No Bacon",5.0,"Lonsdale, Vancouver"
14759,Unknown,Chicken Caesar Salad Mini,5.0,"Mcarthur, Ottawa"
10403,Unknown,Chicken Caesar Salad Mini,5.0,"Brewery Dist, Edmonton"
988,Unknown,Chicken Caesar Salad Mini,5.0,"Lonsdale, Vancouver"
4707,Unknown,Chicken Caesar Salad Mini,5.0,"Mclaughlin, Toronto"
982,Unknown,Chicken Caesar Salad Family Size,17.0,"Lonsdale, Vancouver"
10396,Unknown,Chicken Caesar Salad Family Size,17.0,"Brewery Dist, Edmonton"
14753,Unknown,Chicken Caesar Salad Family Size,17.0,"Mcarthur, Ottawa"
4697,Unknown,Chicken Caesar Salad Family Size,17.0,"Mclaughlin, Toronto"
9532,Unknown,Chicken BLT Salad Mini,5.0,"Brewery Dist, Edmonton"
13889,Unknown,Chicken BLT Salad Mini,5.0,"Mcarthur, Ottawa"
16406,Unknown,Chick Pea/Artichoke/Sundried Tomato Salad,7.79,"Mcarthur, Ottawa"
4402,Unknown,Chick Pea/Artichoke/Sundried Tomato Salad,7.79,"Mclaughlin, Toronto"
10107,Unknown,"Chick Pea Salad, Mini",5.0,"Brewery Dist, Edmonton"
15475,Unknown,Cherry Tomatoes,5.99,"Mcarthur, Ottawa"
4672,Unknown,Cheddar and Bacon Potato Salad,2.29,"Mclaughlin, Toronto"
4417,Unknown,Chayote Squash,7.69,"Mclaughlin, Toronto"
11109,Unknown,Chayote Squash,1.69,"Brewery Dist, Edmonton"
17485,Unknown,"Chanterelle Mushrooms, Dried",5.99,"Mcarthur, Ottawa"
10727,Unknown,"Chanterelle Mushrooms, Dried",5.99,"Brewery Dist, Edmonton"
7407,Unknown,"Chanterelle Mushrooms, Dried",5.99,"Mclaughlin, Toronto"
1307,Unknown,"Chanterelle Mushrooms, Dried",5.99,"Lonsdale, Vancouver"
474,Unknown,Cello Spinach,4.99,"Lonsdale, Vancouver"
10093,Unknown,Cello Spinach,4.99,"Brewery Dist, Edmonton"
4397,Unknown,Cello Spinach,4.99,"Mclaughlin, Toronto"
14464,Unknown,Cello Spinach,4.99,"Mcarthur, Ottawa"
120,Unknown,Celery Sticks,4.0,"Lonsdale, Vancouver"
3717,Unknown,Celery Stalks,4.99,"Mclaughlin, Toronto"
9432,Unknown,Celery Stalks,3.99,"Brewery Dist, Edmonton"
16,Unknown,Celery Stalks,3.99,"Lonsdale, Vancouver"
13782,Unknown,Celery Stalks,4.99,"Mcarthur, Ottawa"
8726,Unknown,Celery Root,4.16,"Mclaughlin, Toronto"
18798,Unknown,Celery Root,4.16,"Mcarthur, Ottawa"
13750,Unknown,Celery Root,8.34,"Brewery Dist, Edmonton"
12023,Unknown,Celery Hearts,5.99,"Brewery Dist, Edmonton"
2144,Unknown,Celery Hearts,5.99,"Lonsdale, Vancouver"
6319,Unknown,Celery Hearts,5.99,"Mclaughlin, Toronto"
10096,Unknown,Cauliflower Steak,10.0,"Brewery Dist, Edmonton"
18800,Unknown,Cauliflower Florets,4.18,"Mcarthur, Ottawa"
14468,Unknown,Cauliflower Florets,6.0,"Mcarthur, Ottawa"
10098,Unknown,Cauliflower Florets,6.0,"Brewery Dist, Edmonton"
478,Unknown,Cauliflower Florets,6.0,"Lonsdale, Vancouver"
969,Unknown,Cauliflower And Broccoli,6.0,"Lonsdale, Vancouver"
10383,Unknown,Cauliflower And Broccoli,6.0,"Brewery Dist, Edmonton"
14740,Unknown,Cauliflower And Broccoli,6.0,"Mcarthur, Ottawa"
13787,Unknown,Cauliflower,4.99,"Mcarthur, Ottawa"
9439,Unknown,Cauliflower,5.99,"Brewery Dist, Edmonton"
23,Unknown,Cauliflower,5.99,"Lonsdale, Vancouver"
3723,Unknown,Cauliflower,4.99,"Mclaughlin, Toronto"
15470,Unknown,Cassava,3.73,"Mcarthur, Ottawa"
11122,Unknown,Cassava,3.73,"Brewery Dist, Edmonton"
5423,Unknown,Cassava,3.73,"Mclaughlin, Toronto"
6860,Unknown,"Carrots, Bunched",3.99,"Mclaughlin, Toronto"
2603,Unknown,"Carrots, Bunched",2.99,"Lonsdale, Vancouver"
12052,Unknown,"Carrots, Bunched",2.99,"Brewery Dist, Edmonton"
108,Unknown,Carrots & Snap Peas,6.0,"Lonsdale, Vancouver"
10122,Unknown,Carrots & Cucumber,6.0,"Brewery Dist, Edmonton"
983,Unknown,Carrots & Cucumber,6.0,"Lonsdale, Vancouver"
14471,Unknown,Carrots & Cucumber,6.0,"Mcarthur, Ottawa"
264,Unknown,Carrots & Celery,6.0,"Lonsdale, Vancouver"
9663,Unknown,Carrots & Celery,6.0,"Brewery Dist, Edmonton"
992,Unknown,Carrots,0.57,"Lonsdale, Vancouver"
10407,Unknown,Carrots,0.57,"Brewery Dist, Edmonton"
4683,Unknown,Carrots,0.71,"Mclaughlin, Toronto"
10753,Unknown,Caribbean Avocado,5.99,"Brewery Dist, Edmonton"
15100,Unknown,Caribbean Avocado,3.99,"Mcarthur, Ottawa"
5036,Unknown,Caribbean Avocado,3.99,"Mclaughlin, Toronto"
15490,Unknown,Car Cara Orange,6.49,"Mcarthur, Ottawa"
9699,Unknown,"Caprese Salad, Mini",10.0,"Brewery Dist, Edmonton"
15887,Unknown,Cantaloupe Slices,6.0,"Mcarthur, Ottawa"
5825,Unknown,Cantaloupe Slices,6.0,"Mclaughlin, Toronto"
11537,Unknown,Cantaloupe Slices,6.0,"Brewery Dist, Edmonton"
9667,Unknown,Cantaloupe Halves,6.0,"Brewery Dist, Edmonton"
9453,Unknown,Cantaloupe,4.99,"Brewery Dist, Edmonton"
3740,Unknown,Cantaloupe,5.99,"Mclaughlin, Toronto"
38,Unknown,Cantaloupe,4.99,"Lonsdale, Vancouver"
13804,Unknown,Cantaloupe,5.99,"Mcarthur, Ottawa"
11124,Unknown,California Salad,9.0,"Brewery Dist, Edmonton"
1686,Unknown,"Caesar Salad, No Bacon",5.0,"Lonsdale, Vancouver"
14761,Unknown,Caesar Salad Mini,5.0,"Mcarthur, Ottawa"
10405,Unknown,Caesar Salad Mini,5.0,"Brewery Dist, Edmonton"
990,Unknown,Caesar Salad Mini,5.0,"Lonsdale, Vancouver"
11130,Unknown,Caesar Salad Family Size,17.0,"Brewery Dist, Edmonton"
15478,Unknown,Caesar Salad Family Size,17.0,"Mcarthur, Ottawa"
5419,Unknown,Caesar Salad Family Size,17.0,"Mclaughlin, Toronto"
4156,Unknown,Cactus Pears 12X4ct,3.99,"Mclaughlin, Toronto"
14219,Unknown,Cactus Pears 12X4ct,3.99,"Mcarthur, Ottawa"
19494,Unknown,"Cabbage, Green",4.77,"Mcarthur, Ottawa"
13764,Unknown,"Cabbage, Green",6.27,"Brewery Dist, Edmonton"
3149,Unknown,"Cabbage, Green",6.27,"Lonsdale, Vancouver"
9416,Unknown,"Cabbage, Green",4.77,"Mclaughlin, Toronto"
15453,Unknown,Butternut Squash Crinkle Fries,7.0,"Mcarthur, Ottawa"
717,Unknown,Butternut Squash,12.38,"Lonsdale, Vancouver"
14485,Unknown,Butternut Squash,12.38,"Mcarthur, Ottawa"
10134,Unknown,Butternut Squash,12.38,"Brewery Dist, Edmonton"
4419,Unknown,Butternut Squash,12.38,"Mclaughlin, Toronto"
17479,Unknown,Buttercup Squash,10.06,"Mcarthur, Ottawa"
7403,Unknown,Buttercup Squash,10.06,"Mclaughlin, Toronto"
16930,Unknown,Brussels Sprouts,0.3,"Mcarthur, Ottawa"
6850,Unknown,Brussels Sprouts,0.3,"Mclaughlin, Toronto"
2599,Unknown,Brussels Sprouts,0.33,"Lonsdale, Vancouver"
719,Unknown,Brussel Sprouts with Red Onions,7.0,"Lonsdale, Vancouver"
10377,Unknown,Brussel Sprouts with Red Onions,7.0,"Brewery Dist, Edmonton"
15460,Unknown,Brussel Sprouts with Red Onions,7.0,"Mcarthur, Ottawa"
6312,Unknown,Broccolini,3.99,"Mclaughlin, Toronto"
16391,Unknown,Broccolini,3.99,"Mcarthur, Ottawa"
2153,Unknown,Broccolini,3.99,"Lonsdale, Vancouver"
12009,Unknown,Broccolini,3.99,"Brewery Dist, Edmonton"
9888,Unknown,"Broccoli Salad, Mini",5.0,"Brewery Dist, Edmonton"
9446,Unknown,Broccoli Crowns,3.34,"Brewery Dist, Edmonton"
10386,Unknown,Broccoli Crowns,6.0,"Brewery Dist, Edmonton"
3731,Unknown,Broccoli Crowns,3.34,"Mclaughlin, Toronto"
31,Unknown,Broccoli Crowns,3.34,"Lonsdale, Vancouver"
972,Unknown,Broccoli Crowns,6.0,"Lonsdale, Vancouver"
13795,Unknown,Broccoli Crowns,3.34,"Mcarthur, Ottawa"
5030,Unknown,Broccoli Cashew Crunch Salad,2.29,"Mclaughlin, Toronto"
13800,Unknown,Broccoli,3.99,"Mcarthur, Ottawa"
3736,Unknown,Broccoli,3.99,"Mclaughlin, Toronto"
34,Unknown,Broccoli,4.49,"Lonsdale, Vancouver"
9449,Unknown,Broccoli,4.49,"Brewery Dist, Edmonton"
7413,Unknown,Bosc Pears,1.45,"Mclaughlin, Toronto"
1312,Unknown,Bosc Pears,1.69,"Lonsdale, Vancouver"
13896,Unknown,Bombay Chicken Salad,6.18,"Mcarthur, Ottawa"
15888,Unknown,Bok Choy,2.98,"Mcarthur, Ottawa"
11538,Unknown,Bok Choy,3.51,"Brewery Dist, Edmonton"
1695,Unknown,Bok Choy,3.51,"Lonsdale, Vancouver"
282,Unknown,Blueberry Parfait,5.0,"Lonsdale, Vancouver"
14227,Unknown,Blueberry Parfait,5.0,"Mcarthur, Ottawa"
9870,Unknown,Blueberry Parfait,5.0,"Brewery Dist, Edmonton"
15924,Unknown,Blueberries 1/2 pint,3.99,"Mcarthur, Ottawa"
28,Unknown,Blueberries 1 pint,3.99,"Lonsdale, Vancouver"
13792,Unknown,Blueberries 1 pint,5.99,"Mcarthur, Ottawa"
3728,Unknown,Blueberries 1 pint,5.99,"Mclaughlin, Toronto"
9443,Unknown,Blueberries 1 pint,3.99,"Brewery Dist, Edmonton"
18130,Unknown,Blueberries,8.99,"Mcarthur, Ottawa"
16925,Unknown,Blood Orange Tarocco,2.89,"Mcarthur, Ottawa"
687,Unknown,Blackberries 1/2 Pint,4.99,"Lonsdale, Vancouver"
12027,Unknown,Blackberries 1/2 Pint,4.99,"Brewery Dist, Edmonton"
716,Unknown,Blackberries 1 pint,8.99,"Lonsdale, Vancouver"
14727,Unknown,Blackberries 1 pint,8.99,"Mcarthur, Ottawa"
10136,Unknown,Blackberries 1 pint,8.99,"Brewery Dist, Edmonton"
4418,Unknown,Blackberries 1 pint,8.99,"Mclaughlin, Toronto"
13878,Unknown,Black Figs,1.29,"Mcarthur, Ottawa"
13883,Unknown,Black Figs,7.99,"Mcarthur, Ottawa"
3828,Unknown,Black Figs,1.29,"Mclaughlin, Toronto"
5425,Unknown,"Bio Raw, The Shred",12.0,"Mclaughlin, Toronto"
5405,Unknown,"Bio Raw, Fiesta",12.0,"Mclaughlin, Toronto"
3720,Unknown,"Bi-Colour Corn, Corn on the Cob",0.99,"Mclaughlin, Toronto"
9435,Unknown,"Bi-Colour Corn, Corn on the Cob",0.99,"Brewery Dist, Edmonton"
19,Unknown,"Bi-Colour Corn, Corn on the Cob",0.99,"Lonsdale, Vancouver"
6302,Unknown,Beta Sweet Carrots,5.99,"Mclaughlin, Toronto"
5814,Unknown,Bean Sprouts,2.49,"Mclaughlin, Toronto"
18100,Unknown,Bean Runner,4.99,"Mcarthur, Ottawa"
7443,Unknown,Bean Runner,4.99,"Mclaughlin, Toronto"
14445,Unknown,Basil,4.99,"Mcarthur, Ottawa"
5018,Unknown,Bartlett Pears,5.99,"Mclaughlin, Toronto"
13791,Unknown,Bartlett Pears,1.38,"Mcarthur, Ottawa"
9442,Unknown,Bartlett Pears,1.38,"Brewery Dist, Edmonton"
3727,Unknown,Bartlett Pears,1.38,"Mclaughlin, Toronto"
15085,Unknown,Bartlett Pears,5.99,"Mcarthur, Ottawa"
27,Unknown,Bartlett Pears,1.38,"Lonsdale, Vancouver"
5017,Unknown,Bard Valley Natural Delights Pitted Medjool Dates,9.99,"Mclaughlin, Toronto"
1302,Unknown,Bard Valley Natural Delights Pitted Medjool Dates,9.99,"Lonsdale, Vancouver"
15084,Unknown,Bard Valley Natural Delights Pitted Medjool Dates,9.99,"Mcarthur, Ottawa"
10722,Unknown,Bard Valley Natural Delights Pitted Medjool Dates,9.99,"Brewery Dist, Edmonton"
3701,Unknown,"Bananas, Bunch",1.75,"Mclaughlin, Toronto"
0,Unknown,"Bananas, Bunch",2.0,"Lonsdale, Vancouver"
9417,Unknown,"Bananas, Bunch",2.0,"Brewery Dist, Edmonton"
13767,Unknown,"Bananas, Bunch",1.75,"Mcarthur, Ottawa"
4696,Unknown,Banana Oatmeal Granola Parfait with Mixed Berries,5.0,"Mclaughlin, Toronto"
711,Unknown,Baby Spinach,9.0,"Lonsdale, Vancouver"
15096,Unknown,Baby Peeled Carrots,5.99,"Mcarthur, Ottawa"
6845,Unknown,Baby Napa,6.59,"Mclaughlin, Toronto"
14200,Unknown,Baby Eggplants (1 pack),2.77,"Mcarthur, Ottawa"
4133,Unknown,Baby Eggplants (1 pack),2.77,"Mclaughlin, Toronto"
3808,Unknown,Baby Corn,5.99,"Mclaughlin, Toronto"
18792,Unknown,Baby Bok Choy,4.35,"Mcarthur, Ottawa"
8725,Unknown,Baby Bok Choy,4.35,"Mclaughlin, Toronto"
9427,Unknown,Avocados Bag,6.49,"Brewery Dist, Edmonton"
3711,Unknown,Avocados Bag,5.99,"Mclaughlin, Toronto"
13776,Unknown,Avocados Bag,5.99,"Mcarthur, Ottawa"
11,Unknown,Avocados Bag,6.49,"Lonsdale, Vancouver"
9463,Unknown,Avocado Salad,9.0,"Brewery Dist, Edmonton"
117,Unknown,Avocado Salad,9.0,"Lonsdale, Vancouver"
5845,Unknown,Avocado,2.99,"Mclaughlin, Toronto"
9457,Unknown,Avocado,1.99,"Brewery Dist, Edmonton"
42,Unknown,Avocado,1.99,"Lonsdale, Vancouver"
16363,Unknown,Avocado,2.99,"Mcarthur, Ottawa"
6313,Unknown,Ataulfo Mango,1.99,"Mclaughlin, Toronto"
16400,Unknown,Ataulfo Mango,1.99,"Mcarthur, Ottawa"
12019,Unknown,Ataulfo Mango,2.99,"Brewery Dist, Edmonton"
2155,Unknown,Ataulfo Mango,2.99,"Lonsdale, Vancouver"
3706,Unknown,Asparagus,5.19,"Mclaughlin, Toronto"
13772,Unknown,Asparagus,5.19,"Mcarthur, Ottawa"
9422,Unknown,Asparagus,6.49,"Brewery Dist, Edmonton"
6,Unknown,Asparagus,6.49,"Lonsdale, Vancouver"
6300,Unknown,"Artichokes, Large",2.99,"Mclaughlin, Toronto"
10760,Unknown,Apricots,1.08,"Brewery Dist, Edmonton"
15107,Unknown,Apricots,0.92,"Mcarthur, Ottawa"
5041,Unknown,Apricots,0.92,"Mclaughlin, Toronto"
10754,Unknown,Apple Cosmic Crisp,1.85,"Brewery Dist, Edmonton"
1335,Unknown,Apple Cosmic Crisp,1.85,"Lonsdale, Vancouver"
15101,Unknown,Apple Cosmic Crisp,2.11,"Mcarthur, Ottawa"
18767,Unknown,Alphonso mango,5.99,"Mcarthur, Ottawa"
5415,Unknown,Alphonso mango,5.99,"Mclaughlin, Toronto"
12543,Unknown,Acorn Squash,5.54,"Brewery Dist, Edmonton"
2612,Unknown,Acorn Squash,5.54,"Lonsdale, Vancouver"
17481,Unknown,Acorn Squash,5.54,"Mcarthur, Ottawa"
7405,Unknown,Acorn Squash,5.54,"Mclaughlin, Toronto"
15879,Unknown,Abate Fetel Pears,1.58,"Mcarthur, Ottawa"
5428,Unknown,Abate Fetel Pears,1.58,"Mclaughlin, Toronto"
10120,Unknown,4 Inch Oregano Pot,3.99,"Brewery Dist, Edmonton"
704,Unknown,4 Inch Oregano Pot,3.99,"Lonsdale, Vancouver"
961,Unknown,4 Inch Cilantro Pot,3.99,"Lonsdale, Vancouver"
10133,Unknown,4 Inch Cilantro Pot,3.99,"Brewery Dist, Edmonton"
